Group Name,Description,Members,Tags
antrea-nsx-demo,N/A,"[{'member_type': 'Namespace', 'key': 'Name', 'operator': 'EQUALS', 'value': 'antrea-nsx-demo', 'resource_type': 'Condition', 'id': '9dd4adf6-8a06-4f5d-b084-a689b435ffa0', 'path': '/infra/domains/default/groups/antrea-nsx-demo/condition-expressions/9dd4adf6-8a06-4f5d-b084-a689b435ffa0', 'relative_path': '9dd4adf6-8a06-4f5d-b084-a689b435ffa0', 'parent_path': '/infra/domains/default/groups/antrea-nsx-demo', 'remote_path': '', 'marked_for_delete': False, 'overridden': False, '_protection': 'NOT_PROTECTED'}]",No Tags
dfw test,N/A,[],No Tags
MYAPP01-DOM3-PRD,N/A,"[{'member_type': 'VirtualMachine', 'key': 'Tag', 'operator': 'EQUALS', 'scope_operator': 'EQUALS', 'value': 'PRD|MYAPP01-DOM3', 'resource_type': 'Condition', 'id': '93f56fc4-d1d9-4182-aeda-ac2d2a4167a5', 'path': '/infra/domains/default/groups/MYAPP01-DOM3-PRD/condition-expressions/93f56fc4-d1d9-4182-aeda-ac2d2a4167a5', 'relative_path': '93f56fc4-d1d9-4182-aeda-ac2d2a4167a5', 'parent_path': '/infra/domains/default/groups/MYAPP01-DOM3-PRD', 'remote_path': '', 'marked_for_delete': False, 'overridden': False, '_protection': 'NOT_PROTECTED'}]",No Tags
vRNI-Node_Group_Profile_RFJFSjJOSw==-vRNI-Import-Tier,N/A,[],No Tags
MYAPP01-DOM3-PRD-vRNI-Import-Tier,N/A,[],No Tags
Others_Physical_MYAPP01-DOM3-PRD_UDP_p3702-vRNI-Import-Tier,N/A,"[{'ip_addresses': ['239.255.255.250'], 'resource_type': 'IPAddressExpression', 'id': '6912fff8-8d57-4250-a2f7-0f53ebfc9997', 'path': '/infra/domains/default/groups/Others_Physical_MYAPP01-DOM3-PRD_UDP_p3702-vRNI-Import-Tier/ip-address-expressions/6912fff8-8d57-4250-a2f7-0f53ebfc9997', 'relative_path': '6912fff8-8d57-4250-a2f7-0f53ebfc9997', 'parent_path': '/infra/domains/default/groups/Others_Physical_MYAPP01-DOM3-PRD_UDP_p3702-vRNI-Import-Tier', 'remote_path': '', 'marked_for_delete': False, 'overridden': False, '_protection': 'NOT_PROTECTED'}]",No Tags
1-ALLSegments-vRNI-Import-Tier,N/A,"[{'paths': ['/infra/segments/ls-app', '/infra/segments/ls-frontend', '/infra/segments/ls-tkgm-guest3-nodes', '/infra/segments/ls-avisemgmt', '/infra/segments/ls-web', '/infra/segments/ls-ali', '/infra/segments/ls-workload', '/infra/segments/ls-tkgs-control'], 'resource_type': 'PathExpression', 'id': 'e85d87a0-8181-4814-ae0f-03dd843733e1', 'path': '/infra/domains/default/groups/1-ALLSegments-vRNI-Import-Tier/path-expressions/e85d87a0-8181-4814-ae0f-03dd843733e1', 'relative_path': 'e85d87a0-8181-4814-ae0f-03dd843733e1', 'parent_path': '/infra/domains/default/groups/1-ALLSegments-vRNI-Import-Tier', 'remote_path': '', 'marked_for_delete': False, 'overridden': False, '_protection': 'NOT_PROTECTED'}]",No Tags
Others_MYAPP01-DOM3-PRD_TCP_p53-vRNI-Import-Tier,N/A,"[{'ip_addresses': ['10.174.135.1'], 'resource_type': 'IPAddressExpression', 'id': '3aa3f9c3-f3f3-454d-ae1f-63f940d81c42', 'path': '/infra/domains/default/groups/Others_MYAPP01-DOM3-PRD_TCP_p53-vRNI-Import-Tier/ip-address-expressions/3aa3f9c3-f3f3-454d-ae1f-63f940d81c42', 'relative_path': '3aa3f9c3-f3f3-454d-ae1f-63f940d81c42', 'parent_path': '/infra/domains/default/groups/Others_MYAPP01-DOM3-PRD_TCP_p53-vRNI-Import-Tier', 'remote_path': '', 'marked_for_delete': False, 'overridden': False, '_protection': 'NOT_PROTECTED'}]",No Tags
MYAPP01-DOM3-MYAPP01-DOM3-vRNI-Import-Tier,N/A,"[{'ip_addresses': ['30.30.30.100', 'fe80::dba5:4886:bed1:b965', 'fe80::3f59:a9b1:e3dc:a732', '40.40.40.101'], 'resource_type': 'IPAddressExpression', 'id': 'a6eefc10-4f7f-43cf-bff7-029528a3ade9', 'path': '/infra/domains/default/groups/MYAPP01-DOM3-MYAPP01-DOM3-vRNI-Import-Tier/ip-address-expressions/a6eefc10-4f7f-43cf-bff7-029528a3ade9', 'relative_path': 'a6eefc10-4f7f-43cf-bff7-029528a3ade9', 'parent_path': '/infra/domains/default/groups/MYAPP01-DOM3-MYAPP01-DOM3-vRNI-Import-Tier', 'remote_path': '', 'marked_for_delete': False, 'overridden': False, '_protection': 'NOT_PROTECTED'}]",No Tags
Others_MYAPP01-DOM3_TCP_p443-vRNI-Import-Tier,N/A,"[{'ip_addresses': ['10.174.135.15', '10.174.135.11'], 'resource_type': 'IPAddressExpression', 'id': '1334c6f0-8532-4dbe-aa06-b8f2f54742fc', 'path': '/infra/domains/default/groups/Others_MYAPP01-DOM3_TCP_p443-vRNI-Import-Tier/ip-address-expressions/1334c6f0-8532-4dbe-aa06-b8f2f54742fc', 'relative_path': '1334c6f0-8532-4dbe-aa06-b8f2f54742fc', 'parent_path': '/infra/domains/default/groups/Others_MYAPP01-DOM3_TCP_p443-vRNI-Import-Tier', 'remote_path': '', 'marked_for_delete': False, 'overridden': False, '_protection': 'NOT_PROTECTED'}]",No Tags
Others_MYAPP01-DOM3_UDP_p53-vRNI-Import-Tier,N/A,"[{'ip_addresses': ['10.174.135.1'], 'resource_type': 'IPAddressExpression', 'id': 'bf3264b9-36d8-4ab7-aa9f-308f622a9514', 'path': '/infra/domains/default/groups/Others_MYAPP01-DOM3_UDP_p53-vRNI-Import-Tier/ip-address-expressions/bf3264b9-36d8-4ab7-aa9f-308f622a9514', 'relative_path': 'bf3264b9-36d8-4ab7-aa9f-308f622a9514', 'parent_path': '/infra/domains/default/groups/Others_MYAPP01-DOM3_UDP_p53-vRNI-Import-Tier', 'remote_path': '', 'marked_for_delete': False, 'overridden': False, '_protection': 'NOT_PROTECTED'}]",No Tags
Others_Physical_MYAPP01-DOM3_UDP_p5353-vRNI-Import-Tier,N/A,"[{'ip_addresses': ['224.0.0.251'], 'resource_type': 'IPAddressExpression', 'id': '811fca61-3e04-4e13-b74d-18f6fff1877e', 'path': '/infra/domains/default/groups/Others_Physical_MYAPP01-DOM3_UDP_p5353-vRNI-Import-Tier/ip-address-expressions/811fca61-3e04-4e13-b74d-18f6fff1877e', 'relative_path': '811fca61-3e04-4e13-b74d-18f6fff1877e', 'parent_path': '/infra/domains/default/groups/Others_Physical_MYAPP01-DOM3_UDP_p5353-vRNI-Import-Tier', 'remote_path': '', 'marked_for_delete': False, 'overridden': False, '_protection': 'NOT_PROTECTED'}]",No Tags
Others_Physical_MYAPP01-DOM3_TCP_p80-vRNI-Import-Tier,N/A,[],No Tags
Group-3 (MYAPP01),Created from MYAPP01,"[{'ip_addresses': ['10.174.135.15'], 'resource_type': 'IPAddressExpression', 'id': 'b5f3c5c1-0a17-4c83-9460-826ec3ac25d2', 'path': '/infra/domains/default/groups/Group-2a139f90-3ee7-11ed-854e-1d8f76cbfbde-9f444908-2cf9-4547-bfbc-3ba18de37f3d/ip-address-expressions/b5f3c5c1-0a17-4c83-9460-826ec3ac25d2', 'relative_path': 'b5f3c5c1-0a17-4c83-9460-826ec3ac25d2', 'parent_path': '/infra/domains/default/groups/Group-2a139f90-3ee7-11ed-854e-1d8f76cbfbde-9f444908-2cf9-4547-bfbc-3ba18de37f3d', 'remote_path': '', 'marked_for_delete': False, 'overridden': False, '_protection': 'NOT_PROTECTED'}]",No Tags
Group-1 (MYAPP01),Created from MYAPP01,"[{'ip_addresses': ['10.174.135.15', '10.174.135.11'], 'resource_type': 'IPAddressExpression', 'id': '5cd5086c-1d27-4717-9791-ca116c1b3f27', 'path': '/infra/domains/default/groups/Group-2a139f90-3ee7-11ed-854e-1d8f76cbfbde-4eb40576-5759-4ea9-8a93-2ef9d164562e/ip-address-expressions/5cd5086c-1d27-4717-9791-ca116c1b3f27', 'relative_path': '5cd5086c-1d27-4717-9791-ca116c1b3f27', 'parent_path': '/infra/domains/default/groups/Group-2a139f90-3ee7-11ed-854e-1d8f76cbfbde-4eb40576-5759-4ea9-8a93-2ef9d164562e', 'remote_path': '', 'marked_for_delete': False, 'overridden': False, '_protection': 'NOT_PROTECTED'}]",No Tags
Group-2 (MYAPP01),Created from MYAPP01,"[{'ip_addresses': ['10.174.135.1'], 'resource_type': 'IPAddressExpression', 'id': '6e3679e5-0969-4a81-b6ba-0270bcb001ea', 'path': '/infra/domains/default/groups/Group-2a139f90-3ee7-11ed-854e-1d8f76cbfbde-8bb2c84b-bbcb-4055-a9cd-60c86d29408f/ip-address-expressions/6e3679e5-0969-4a81-b6ba-0270bcb001ea', 'relative_path': '6e3679e5-0969-4a81-b6ba-0270bcb001ea', 'parent_path': '/infra/domains/default/groups/Group-2a139f90-3ee7-11ed-854e-1d8f76cbfbde-8bb2c84b-bbcb-4055-a9cd-60c86d29408f', 'remote_path': '', 'marked_for_delete': False, 'overridden': False, '_protection': 'NOT_PROTECTED'}]",No Tags
Shared_Services_Group,N/A,"[{'member_type': 'VirtualMachine', 'key': 'Tag', 'operator': 'EQUALS', 'scope_operator': 'EQUALS', 'value': 'PRD|Shared_Services', 'resource_type': 'Condition', 'id': 'fd0e7cb2-f39b-4242-adf1-a13b0e3be05e', 'path': '/infra/domains/default/groups/Shared_Services_Group/condition-expressions/fd0e7cb2-f39b-4242-adf1-a13b0e3be05e', 'relative_path': 'fd0e7cb2-f39b-4242-adf1-a13b0e3be05e', 'parent_path': '/infra/domains/default/groups/Shared_Services_Group', 'remote_path': '', 'marked_for_delete': False, 'overridden': False, '_protection': 'NOT_PROTECTED'}]",No Tags
RFC1918,N/A,"[{'ip_addresses': ['192.168.0.0/16', '10.0.0.0/8', '172.16.0.0/12'], 'resource_type': 'IPAddressExpression', 'id': '3a91e286-728f-4752-8af1-5e26e9fe467e', 'path': '/infra/domains/default/groups/RFC1918/ip-address-expressions/3a91e286-728f-4752-8af1-5e26e9fe467e', 'relative_path': '3a91e286-728f-4752-8af1-5e26e9fe467e', 'parent_path': '/infra/domains/default/groups/RFC1918', 'remote_path': '', 'marked_for_delete': False, 'overridden': False, '_protection': 'NOT_PROTECTED'}]",No Tags
RFC1918,N/A,"[{'ip_addresses': ['192.168.0.0/16', '10.0.0.0/8', '172.16.0.0/12'], 'resource_type': 'IPAddressExpression', 'id': 'b4a69af3-09f1-4b0c-a148-0c79e2aea379', 'path': '/infra/domains/default/groups/RFC1918-o30xrNRWQ/ip-address-expressions/b4a69af3-09f1-4b0c-a148-0c79e2aea379', 'relative_path': 'b4a69af3-09f1-4b0c-a148-0c79e2aea379', 'parent_path': '/infra/domains/default/groups/RFC1918-o30xrNRWQ', 'remote_path': '', 'marked_for_delete': False, 'overridden': False, '_protection': 'NOT_PROTECTED'}]",No Tags
shopping-ns,N/A,"[{'member_type': 'Namespace', 'key': 'Tag', 'operator': 'EQUALS', 'scope_operator': 'EQUALS', 'value': 'dis:k8s:antrea.io/metadata.name|shopping', 'resource_type': 'Condition', 'id': 'e17dffb0-f6f8-48bd-8394-196fa3ddd970', 'path': '/infra/domains/default/groups/shopping-ns/condition-expressions/e17dffb0-f6f8-48bd-8394-196fa3ddd970', 'relative_path': 'e17dffb0-f6f8-48bd-8394-196fa3ddd970', 'parent_path': '/infra/domains/default/groups/shopping-ns', 'remote_path': '', 'marked_for_delete': False, 'overridden': False, '_protection': 'NOT_PROTECTED'}]",No Tags
frontend-pod,N/A,"[{'member_type': 'Pod', 'key': 'Tag', 'operator': 'EQUALS', 'scope_operator': 'EQUALS', 'value': 'dis:k8s:app|frontend', 'resource_type': 'Condition', 'id': 'db757515-79f7-4c90-badb-47c1dbb016a4', 'path': '/infra/domains/default/groups/frontend-pod/condition-expressions/db757515-79f7-4c90-badb-47c1dbb016a4', 'relative_path': 'db757515-79f7-4c90-badb-47c1dbb016a4', 'parent_path': '/infra/domains/default/groups/frontend-pod', 'remote_path': '', 'marked_for_delete': False, 'overridden': False, '_protection': 'NOT_PROTECTED'}]",No Tags
redis-pod,N/A,"[{'member_type': 'Pod', 'key': 'Tag', 'operator': 'EQUALS', 'scope_operator': 'EQUALS', 'value': 'dis:k8s:app|redis-cart', 'resource_type': 'Condition', 'id': '11461a72-77a7-4a21-822b-5530b01c8c81', 'path': '/infra/domains/default/groups/redis-pod/condition-expressions/11461a72-77a7-4a21-822b-5530b01c8c81', 'relative_path': '11461a72-77a7-4a21-822b-5530b01c8c81', 'parent_path': '/infra/domains/default/groups/redis-pod', 'remote_path': '', 'marked_for_delete': False, 'overridden': False, '_protection': 'NOT_PROTECTED'}]",No Tags
productcatalogue-pod,N/A,"[{'member_type': 'Pod', 'key': 'Tag', 'operator': 'EQUALS', 'scope_operator': 'EQUALS', 'value': 'dis:k8s:app|productcatalogservice', 'resource_type': 'Condition', 'id': 'd6c4bc84-80e0-4d15-b7d1-211ea717e8f7', 'path': '/infra/domains/default/groups/productcatalogue-pod/condition-expressions/d6c4bc84-80e0-4d15-b7d1-211ea717e8f7', 'relative_path': 'd6c4bc84-80e0-4d15-b7d1-211ea717e8f7', 'parent_path': '/infra/domains/default/groups/productcatalogue-pod', 'remote_path': '', 'marked_for_delete': False, 'overridden': False, '_protection': 'NOT_PROTECTED'}]",No Tags
cartservice-pod,N/A,"[{'member_type': 'Pod', 'key': 'Tag', 'operator': 'EQUALS', 'scope_operator': 'EQUALS', 'value': 'dis:k8s:app|cartservice', 'resource_type': 'Condition', 'id': 'fac63d58-9a79-4c7d-b92e-88b8129c4672', 'path': '/infra/domains/default/groups/cartservice-pod/condition-expressions/fac63d58-9a79-4c7d-b92e-88b8129c4672', 'relative_path': 'fac63d58-9a79-4c7d-b92e-88b8129c4672', 'parent_path': '/infra/domains/default/groups/cartservice-pod', 'remote_path': '', 'marked_for_delete': False, 'overridden': False, '_protection': 'NOT_PROTECTED'}]",No Tags
adservice-pod,N/A,"[{'member_type': 'Pod', 'key': 'Tag', 'operator': 'EQUALS', 'scope_operator': 'EQUALS', 'value': 'dis:k8s:app|adservice', 'resource_type': 'Condition', 'id': '9ffe25dc-bf0b-4ecf-a70e-5e72ad7e55e0', 'path': '/infra/domains/default/groups/rrfrfrf/condition-expressions/9ffe25dc-bf0b-4ecf-a70e-5e72ad7e55e0', 'relative_path': '9ffe25dc-bf0b-4ecf-a70e-5e72ad7e55e0', 'parent_path': '/infra/domains/default/groups/rrfrfrf', 'remote_path': '', 'marked_for_delete': False, 'overridden': False, '_protection': 'NOT_PROTECTED'}]",No Tags
frontend-svc,N/A,"[{'expressions': [{'member_type': 'Namespace', 'key': 'Name', 'operator': 'EQUALS', 'value': 'shopping', 'resource_type': 'Condition', 'id': 'a04d2b46-1b20-4ccf-b916-8203589e2eeb', 'path': '/infra/domains/default/groups/frontend-svc/condition-expressions/a04d2b46-1b20-4ccf-b916-8203589e2eeb', 'relative_path': 'a04d2b46-1b20-4ccf-b916-8203589e2eeb', 'parent_path': '/infra/domains/default/groups/frontend-svc', 'remote_path': '', 'marked_for_delete': False, 'overridden': False, '_protection': 'NOT_PROTECTED'}, {'conjunction_operator': 'AND', 'resource_type': 'ConjunctionOperator', 'id': '611b36b0-bd02-4c9a-bdd0-86ace8e01fef', 'path': '/infra/domains/default/groups/frontend-svc/conjunction-expressions/611b36b0-bd02-4c9a-bdd0-86ace8e01fef', 'relative_path': '611b36b0-bd02-4c9a-bdd0-86ace8e01fef', 'parent_path': '/infra/domains/default/groups/frontend-svc', 'remote_path': '', 'marked_for_delete': False, 'overridden': False, '_protection': 'NOT_PROTECTED'}, {'member_type': 'Service', 'key': 'Name', 'operator': 'EQUALS', 'value': 'frontend', 'resource_type': 'Condition', 'id': '14734b50-9e0d-48d8-a581-191cf85264d7', 'path': '/infra/domains/default/groups/frontend-svc/condition-expressions/14734b50-9e0d-48d8-a581-191cf85264d7', 'relative_path': '14734b50-9e0d-48d8-a581-191cf85264d7', 'parent_path': '/infra/domains/default/groups/frontend-svc', 'remote_path': '', 'marked_for_delete': False, 'overridden': False, '_protection': 'NOT_PROTECTED'}], 'resource_type': 'NestedExpression', 'id': '98948dc7-e32f-432d-9cde-a8f1df244251', 'path': '/infra/domains/default/groups/frontend-svc/nested-expressions/98948dc7-e32f-432d-9cde-a8f1df244251', 'relative_path': '98948dc7-e32f-432d-9cde-a8f1df244251', 'parent_path': '/infra/domains/default/groups/frontend-svc', 'remote_path': '', 'marked_for_delete': False, 'overridden': False, '_protection': 'NOT_PROTECTED'}]",No Tags
hello-kubernetes-pods,N/A,"[{'member_type': 'Pod', 'key': 'Tag', 'operator': 'EQUALS', 'scope_operator': 'EQUALS', 'value': 'dis:k8s:app|hello-kubernetes', 'resource_type': 'Condition', 'id': '4d9365d3-3412-4cf4-b1b5-4a981537b49f', 'path': '/infra/domains/default/groups/hello-kubernetes-pods/condition-expressions/4d9365d3-3412-4cf4-b1b5-4a981537b49f', 'relative_path': '4d9365d3-3412-4cf4-b1b5-4a981537b49f', 'parent_path': '/infra/domains/default/groups/hello-kubernetes-pods', 'remote_path': '', 'marked_for_delete': False, 'overridden': False, '_protection': 'NOT_PROTECTED'}]",No Tags
Internet,N/A,"[{'ip_addresses': ['0.0.0.0/0'], 'resource_type': 'IPAddressExpression', 'id': '0ba2759b-08c2-4398-97d3-d087238afc3a', 'path': '/infra/domains/default/groups/Internet/ip-address-expressions/0ba2759b-08c2-4398-97d3-d087238afc3a', 'relative_path': '0ba2759b-08c2-4398-97d3-d087238afc3a', 'parent_path': '/infra/domains/default/groups/Internet', 'remote_path': '', 'marked_for_delete': False, 'overridden': False, '_protection': 'NOT_PROTECTED'}]",No Tags
ipbasedgroup,N/A,"[{'ip_addresses': ['1.1.1.1/32', '2.2.2.2/32'], 'resource_type': 'IPAddressExpression', 'id': '985c2589-c029-4302-b897-9ffb2fc4b610', 'path': '/infra/domains/default/groups/IPSETTEST/ip-address-expressions/985c2589-c029-4302-b897-9ffb2fc4b610', 'relative_path': '985c2589-c029-4302-b897-9ffb2fc4b610', 'parent_path': '/infra/domains/default/groups/IPSETTEST', 'remote_path': '', 'marked_for_delete': False, 'overridden': False, '_protection': 'NOT_PROTECTED'}]",No Tags
ocp02-lvv48,N/A,"[{'member_type': 'VirtualMachine', 'key': 'Name', 'operator': 'STARTSWITH', 'value': 'ocp02-lvv48', 'resource_type': 'Condition', 'id': '68c5831f-71ff-4b95-8911-20850b54410d', 'path': '/infra/domains/default/groups/ocp02-lvv48/condition-expressions/68c5831f-71ff-4b95-8911-20850b54410d', 'relative_path': '68c5831f-71ff-4b95-8911-20850b54410d', 'parent_path': '/infra/domains/default/groups/ocp02-lvv48', 'remote_path': '', 'marked_for_delete': False, 'overridden': False, '_protection': 'NOT_PROTECTED'}]",No Tags
3-tier-app,N/A,[],No Tags
Group-2 (3TA),Created from 3TA,"[{'ip_addresses': ['10.174.135.27'], 'resource_type': 'IPAddressExpression', 'id': '874a4635-fe12-4081-9973-550a918abf90', 'path': '/infra/domains/default/groups/Group-00907a00-a6a0-11ed-ba9f-f1596d589fc6-e9de9578-ac3c-4019-ab7f-c250074d7f62/ip-address-expressions/874a4635-fe12-4081-9973-550a918abf90', 'relative_path': '874a4635-fe12-4081-9973-550a918abf90', 'parent_path': '/infra/domains/default/groups/Group-00907a00-a6a0-11ed-ba9f-f1596d589fc6-e9de9578-ac3c-4019-ab7f-c250074d7f62', 'remote_path': '', 'marked_for_delete': False, 'overridden': False, '_protection': 'NOT_PROTECTED'}]",No Tags
Group-3 (3TA),Created from 3TA,[],No Tags
Group-4 (3TA),Created from 3TA,[],No Tags
Group-1 (3TA),Created from 3TA,"[{'member_type': 'VirtualMachine', 'external_ids': ['503ef86f-1b6d-38ac-7ea8-b7ad121b5b36', '503e1f48-7d08-6809-4a70-6ded706cffc4'], 'resource_type': 'ExternalIDExpression', 'id': '3d3381d7-1ca0-4276-aec6-1094df2f7edf', 'path': '/infra/domains/default/groups/Group-00907a00-a6a0-11ed-ba9f-f1596d589fc6-c598f10a-47ba-4ebf-ad53-69d48b2cd8ed/external-id-expressions/3d3381d7-1ca0-4276-aec6-1094df2f7edf', 'relative_path': '3d3381d7-1ca0-4276-aec6-1094df2f7edf', 'parent_path': '/infra/domains/default/groups/Group-00907a00-a6a0-11ed-ba9f-f1596d589fc6-c598f10a-47ba-4ebf-ad53-69d48b2cd8ed', 'remote_path': '', 'marked_for_delete': False, 'overridden': False, '_protection': 'NOT_PROTECTED'}]",No Tags
DFW-3-Tier-App-Prd-DB,Security Group covering Prod DB 3-Tier-App VMs across all environments,"[{'expressions': [{'member_type': 'VirtualMachine', 'key': 'Tag', 'operator': 'EQUALS', 'scope_operator': 'EQUALS', 'value': 'app|3-tier-app', 'resource_type': 'Condition', 'id': '7fc78a75-dcd9-4479-8f59-eee3a17d7372', 'path': '/infra/domains/default/groups/8a81cb42-06fc-4e38-89c9-8e34ab391f65/condition-expressions/7fc78a75-dcd9-4479-8f59-eee3a17d7372', 'relative_path': '7fc78a75-dcd9-4479-8f59-eee3a17d7372', 'parent_path': '/infra/domains/default/groups/8a81cb42-06fc-4e38-89c9-8e34ab391f65', 'remote_path': '', 'marked_for_delete': False, 'overridden': False, '_protection': 'NOT_PROTECTED'}, {'conjunction_operator': 'AND', 'resource_type': 'ConjunctionOperator', 'id': 'a3e73b4a-652c-4646-b187-1807fe997242', 'path': '/infra/domains/default/groups/8a81cb42-06fc-4e38-89c9-8e34ab391f65/conjunction-expressions/a3e73b4a-652c-4646-b187-1807fe997242', 'relative_path': 'a3e73b4a-652c-4646-b187-1807fe997242', 'parent_path': '/infra/domains/default/groups/8a81cb42-06fc-4e38-89c9-8e34ab391f65', 'remote_path': '', 'marked_for_delete': False, 'overridden': False, '_protection': 'NOT_PROTECTED'}, {'member_type': 'VirtualMachine', 'key': 'Tag', 'operator': 'EQUALS', 'scope_operator': 'EQUALS', 'value': 'env|prd', 'resource_type': 'Condition', 'id': '50a20f09-312d-4d08-9e7d-4e3d9b71edfa', 'path': '/infra/domains/default/groups/8a81cb42-06fc-4e38-89c9-8e34ab391f65/condition-expressions/50a20f09-312d-4d08-9e7d-4e3d9b71edfa', 'relative_path': '50a20f09-312d-4d08-9e7d-4e3d9b71edfa', 'parent_path': '/infra/domains/default/groups/8a81cb42-06fc-4e38-89c9-8e34ab391f65', 'remote_path': '', 'marked_for_delete': False, 'overridden': False, '_protection': 'NOT_PROTECTED'}, {'conjunction_operator': 'AND', 'resource_type': 'ConjunctionOperator', 'id': '8cf9deaa-c7c2-49e4-9fd1-f87640e3e960', 'path': '/infra/domains/default/groups/8a81cb42-06fc-4e38-89c9-8e34ab391f65/conjunction-expressions/8cf9deaa-c7c2-49e4-9fd1-f87640e3e960', 'relative_path': '8cf9deaa-c7c2-49e4-9fd1-f87640e3e960', 'parent_path': '/infra/domains/default/groups/8a81cb42-06fc-4e38-89c9-8e34ab391f65', 'remote_path': '', 'marked_for_delete': False, 'overridden': False, '_protection': 'NOT_PROTECTED'}, {'member_type': 'VirtualMachine', 'key': 'Tag', 'operator': 'EQUALS', 'scope_operator': 'EQUALS', 'value': 'tier|db', 'resource_type': 'Condition', 'id': '7aa11e9b-ea5f-4466-974c-654391108dff', 'path': '/infra/domains/default/groups/8a81cb42-06fc-4e38-89c9-8e34ab391f65/condition-expressions/7aa11e9b-ea5f-4466-974c-654391108dff', 'relative_path': '7aa11e9b-ea5f-4466-974c-654391108dff', 'parent_path': '/infra/domains/default/groups/8a81cb42-06fc-4e38-89c9-8e34ab391f65', 'remote_path': '', 'marked_for_delete': False, 'overridden': False, '_protection': 'NOT_PROTECTED'}], 'resource_type': 'NestedExpression', 'id': '54da0951-da05-4b21-993b-2aa567eda012', 'path': '/infra/domains/default/groups/8a81cb42-06fc-4e38-89c9-8e34ab391f65/nested-expressions/54da0951-da05-4b21-993b-2aa567eda012', 'relative_path': '54da0951-da05-4b21-993b-2aa567eda012', 'parent_path': '/infra/domains/default/groups/8a81cb42-06fc-4e38-89c9-8e34ab391f65', 'remote_path': '', 'marked_for_delete': False, 'overridden': False, '_protection': 'NOT_PROTECTED'}]",No Tags
DFW-3-Tier-App-Prd,Security Group covering Prod 3-Tier-App VMs across all environments,"[{'expressions': [{'member_type': 'VirtualMachine', 'key': 'Tag', 'operator': 'EQUALS', 'scope_operator': 'EQUALS', 'value': 'app|3-tier-app', 'resource_type': 'Condition', 'id': '80220863-3aae-4277-b5da-9a9ea841b2ec', 'path': '/infra/domains/default/groups/89c63031-715c-4838-88fd-5eff88e7f47e/condition-expressions/80220863-3aae-4277-b5da-9a9ea841b2ec', 'relative_path': '80220863-3aae-4277-b5da-9a9ea841b2ec', 'parent_path': '/infra/domains/default/groups/89c63031-715c-4838-88fd-5eff88e7f47e', 'remote_path': '', 'marked_for_delete': False, 'overridden': False, '_protection': 'NOT_PROTECTED'}, {'conjunction_operator': 'AND', 'resource_type': 'ConjunctionOperator', 'id': '6f05338b-f170-4027-a347-0f12b5c33614', 'path': '/infra/domains/default/groups/89c63031-715c-4838-88fd-5eff88e7f47e/conjunction-expressions/6f05338b-f170-4027-a347-0f12b5c33614', 'relative_path': '6f05338b-f170-4027-a347-0f12b5c33614', 'parent_path': '/infra/domains/default/groups/89c63031-715c-4838-88fd-5eff88e7f47e', 'remote_path': '', 'marked_for_delete': False, 'overridden': False, '_protection': 'NOT_PROTECTED'}, {'member_type': 'VirtualMachine', 'key': 'Tag', 'operator': 'EQUALS', 'scope_operator': 'EQUALS', 'value': 'env|prd', 'resource_type': 'Condition', 'id': '5d58157f-f0d5-4e3b-9e3b-d6b74d2be39a', 'path': '/infra/domains/default/groups/89c63031-715c-4838-88fd-5eff88e7f47e/condition-expressions/5d58157f-f0d5-4e3b-9e3b-d6b74d2be39a', 'relative_path': '5d58157f-f0d5-4e3b-9e3b-d6b74d2be39a', 'parent_path': '/infra/domains/default/groups/89c63031-715c-4838-88fd-5eff88e7f47e', 'remote_path': '', 'marked_for_delete': False, 'overridden': False, '_protection': 'NOT_PROTECTED'}], 'resource_type': 'NestedExpression', 'id': '87bf8f8b-d135-4f45-8894-fc83d5cc2ebc', 'path': '/infra/domains/default/groups/89c63031-715c-4838-88fd-5eff88e7f47e/nested-expressions/87bf8f8b-d135-4f45-8894-fc83d5cc2ebc', 'relative_path': '87bf8f8b-d135-4f45-8894-fc83d5cc2ebc', 'parent_path': '/infra/domains/default/groups/89c63031-715c-4838-88fd-5eff88e7f47e', 'remote_path': '', 'marked_for_delete': False, 'overridden': False, '_protection': 'NOT_PROTECTED'}, {'conjunction_operator': 'OR', 'resource_type': 'ConjunctionOperator', 'id': '8d988227-ed39-4e1f-9d46-b56d90d38a96', 'path': '/infra/domains/default/groups/89c63031-715c-4838-88fd-5eff88e7f47e/conjunction-expressions/8d988227-ed39-4e1f-9d46-b56d90d38a96', 'relative_path': '8d988227-ed39-4e1f-9d46-b56d90d38a96', 'parent_path': '/infra/domains/default/groups/89c63031-715c-4838-88fd-5eff88e7f47e', 'remote_path': '', 'marked_for_delete': False, 'overridden': False, '_protection': 'NOT_PROTECTED'}, {'paths': ['/infra/domains/default/groups/1be8526d-86b8-4e0a-a45a-8a7fe3cc060e'], 'resource_type': 'PathExpression', 'id': '0f20fbe1-4bce-4c32-9d5c-5d1f24bf416c', 'path': '/infra/domains/default/groups/89c63031-715c-4838-88fd-5eff88e7f47e/path-expressions/0f20fbe1-4bce-4c32-9d5c-5d1f24bf416c', 'relative_path': '0f20fbe1-4bce-4c32-9d5c-5d1f24bf416c', 'parent_path': '/infra/domains/default/groups/89c63031-715c-4838-88fd-5eff88e7f47e', 'remote_path': '', 'marked_for_delete': False, 'overridden': False, '_protection': 'NOT_PROTECTED'}, {'conjunction_operator': 'OR', 'resource_type': 'ConjunctionOperator', 'id': '0c3fb510-dbd2-4d48-9e97-e369a471bc22', 'path': '/infra/domains/default/groups/89c63031-715c-4838-88fd-5eff88e7f47e/conjunction-expressions/0c3fb510-dbd2-4d48-9e97-e369a471bc22', 'relative_path': '0c3fb510-dbd2-4d48-9e97-e369a471bc22', 'parent_path': '/infra/domains/default/groups/89c63031-715c-4838-88fd-5eff88e7f47e', 'remote_path': '', 'marked_for_delete': False, 'overridden': False, '_protection': 'NOT_PROTECTED'}, {'paths': ['/infra/domains/default/groups/639a0c22-af79-4696-8abc-05bc1dade0b3'], 'resource_type': 'PathExpression', 'id': 'c16fa907-30e3-475e-be0e-85fcf3487828', 'path': '/infra/domains/default/groups/89c63031-715c-4838-88fd-5eff88e7f47e/path-expressions/c16fa907-30e3-475e-be0e-85fcf3487828', 'relative_path': 'c16fa907-30e3-475e-be0e-85fcf3487828', 'parent_path': '/infra/domains/default/groups/89c63031-715c-4838-88fd-5eff88e7f47e', 'remote_path': '', 'marked_for_delete': False, 'overridden': False, '_protection': 'NOT_PROTECTED'}]",No Tags
DFW-3-Tier-App,Security Group covering 3-Tier-App VMs across all environments,"[{'member_type': 'VirtualMachine', 'key': 'Tag', 'operator': 'EQUALS', 'scope_operator': 'EQUALS', 'value': 'app|3-tier-app', 'resource_type': 'Condition', 'id': '9da173de-7046-43d5-93a3-4cbeb2cff188', 'path': '/infra/domains/default/groups/0ca57aa3-2d97-46ab-8485-47251422ec75/condition-expressions/9da173de-7046-43d5-93a3-4cbeb2cff188', 'relative_path': '9da173de-7046-43d5-93a3-4cbeb2cff188', 'parent_path': '/infra/domains/default/groups/0ca57aa3-2d97-46ab-8485-47251422ec75', 'remote_path': '', 'marked_for_delete': False, 'overridden': False, '_protection': 'NOT_PROTECTED'}]",No Tags
DFW-3-Tier-App-Prd-App,Security Group covering Prod App 3-Tier-App VMs across all environments,"[{'expressions': [{'member_type': 'VirtualMachine', 'key': 'Tag', 'operator': 'EQUALS', 'scope_operator': 'EQUALS', 'value': 'app|3-tier-app', 'resource_type': 'Condition', 'id': 'cd0e3b74-4adc-4a15-be69-9b2008862256', 'path': '/infra/domains/default/groups/80bdbb8c-c16e-4c38-91ea-8214f5be9770/condition-expressions/cd0e3b74-4adc-4a15-be69-9b2008862256', 'relative_path': 'cd0e3b74-4adc-4a15-be69-9b2008862256', 'parent_path': '/infra/domains/default/groups/80bdbb8c-c16e-4c38-91ea-8214f5be9770', 'remote_path': '', 'marked_for_delete': False, 'overridden': False, '_protection': 'NOT_PROTECTED'}, {'conjunction_operator': 'AND', 'resource_type': 'ConjunctionOperator', 'id': '09b038b8-d40c-4f7d-a27d-f8e25934116c', 'path': '/infra/domains/default/groups/80bdbb8c-c16e-4c38-91ea-8214f5be9770/conjunction-expressions/09b038b8-d40c-4f7d-a27d-f8e25934116c', 'relative_path': '09b038b8-d40c-4f7d-a27d-f8e25934116c', 'parent_path': '/infra/domains/default/groups/80bdbb8c-c16e-4c38-91ea-8214f5be9770', 'remote_path': '', 'marked_for_delete': False, 'overridden': False, '_protection': 'NOT_PROTECTED'}, {'member_type': 'VirtualMachine', 'key': 'Tag', 'operator': 'EQUALS', 'scope_operator': 'EQUALS', 'value': 'env|prd', 'resource_type': 'Condition', 'id': '6efb65bb-24f9-4fe4-8ad7-5db4e802918d', 'path': '/infra/domains/default/groups/80bdbb8c-c16e-4c38-91ea-8214f5be9770/condition-expressions/6efb65bb-24f9-4fe4-8ad7-5db4e802918d', 'relative_path': '6efb65bb-24f9-4fe4-8ad7-5db4e802918d', 'parent_path': '/infra/domains/default/groups/80bdbb8c-c16e-4c38-91ea-8214f5be9770', 'remote_path': '', 'marked_for_delete': False, 'overridden': False, '_protection': 'NOT_PROTECTED'}, {'conjunction_operator': 'AND', 'resource_type': 'ConjunctionOperator', 'id': '2ee22732-4c9a-4c50-874f-761d04a43689', 'path': '/infra/domains/default/groups/80bdbb8c-c16e-4c38-91ea-8214f5be9770/conjunction-expressions/2ee22732-4c9a-4c50-874f-761d04a43689', 'relative_path': '2ee22732-4c9a-4c50-874f-761d04a43689', 'parent_path': '/infra/domains/default/groups/80bdbb8c-c16e-4c38-91ea-8214f5be9770', 'remote_path': '', 'marked_for_delete': False, 'overridden': False, '_protection': 'NOT_PROTECTED'}, {'member_type': 'VirtualMachine', 'key': 'Tag', 'operator': 'EQUALS', 'scope_operator': 'EQUALS', 'value': 'tier|app', 'resource_type': 'Condition', 'id': 'ebf63d8c-2c51-4341-b023-4f6c6d5a48de', 'path': '/infra/domains/default/groups/80bdbb8c-c16e-4c38-91ea-8214f5be9770/condition-expressions/ebf63d8c-2c51-4341-b023-4f6c6d5a48de', 'relative_path': 'ebf63d8c-2c51-4341-b023-4f6c6d5a48de', 'parent_path': '/infra/domains/default/groups/80bdbb8c-c16e-4c38-91ea-8214f5be9770', 'remote_path': '', 'marked_for_delete': False, 'overridden': False, '_protection': 'NOT_PROTECTED'}], 'resource_type': 'NestedExpression', 'id': 'b7c901e1-5672-4395-b53a-bba021cbf3ea', 'path': '/infra/domains/default/groups/80bdbb8c-c16e-4c38-91ea-8214f5be9770/nested-expressions/b7c901e1-5672-4395-b53a-bba021cbf3ea', 'relative_path': 'b7c901e1-5672-4395-b53a-bba021cbf3ea', 'parent_path': '/infra/domains/default/groups/80bdbb8c-c16e-4c38-91ea-8214f5be9770', 'remote_path': '', 'marked_for_delete': False, 'overridden': False, '_protection': 'NOT_PROTECTED'}]",No Tags
DFW-3-Tier-App-Prd-Web,Security Group covering Prod Web 3-Tier-App VMs across all environments,"[{'expressions': [{'member_type': 'VirtualMachine', 'key': 'Tag', 'operator': 'EQUALS', 'scope_operator': 'EQUALS', 'value': 'app|3-tier-app', 'resource_type': 'Condition', 'id': '4dd50871-4a08-45e9-95c8-e71e424f25ba', 'path': '/infra/domains/default/groups/5278a24e-2401-43bc-a821-5fe7bdacf269/condition-expressions/4dd50871-4a08-45e9-95c8-e71e424f25ba', 'relative_path': '4dd50871-4a08-45e9-95c8-e71e424f25ba', 'parent_path': '/infra/domains/default/groups/5278a24e-2401-43bc-a821-5fe7bdacf269', 'remote_path': '', 'marked_for_delete': False, 'overridden': False, '_protection': 'NOT_PROTECTED'}, {'conjunction_operator': 'AND', 'resource_type': 'ConjunctionOperator', 'id': '3f07dc04-bc6d-46a5-af6f-33877f6c04ab', 'path': '/infra/domains/default/groups/5278a24e-2401-43bc-a821-5fe7bdacf269/conjunction-expressions/3f07dc04-bc6d-46a5-af6f-33877f6c04ab', 'relative_path': '3f07dc04-bc6d-46a5-af6f-33877f6c04ab', 'parent_path': '/infra/domains/default/groups/5278a24e-2401-43bc-a821-5fe7bdacf269', 'remote_path': '', 'marked_for_delete': False, 'overridden': False, '_protection': 'NOT_PROTECTED'}, {'member_type': 'VirtualMachine', 'key': 'Tag', 'operator': 'EQUALS', 'scope_operator': 'EQUALS', 'value': 'env|prd', 'resource_type': 'Condition', 'id': '6558a7a6-5298-4f7c-a4bf-4f8bbc6bcdee', 'path': '/infra/domains/default/groups/5278a24e-2401-43bc-a821-5fe7bdacf269/condition-expressions/6558a7a6-5298-4f7c-a4bf-4f8bbc6bcdee', 'relative_path': '6558a7a6-5298-4f7c-a4bf-4f8bbc6bcdee', 'parent_path': '/infra/domains/default/groups/5278a24e-2401-43bc-a821-5fe7bdacf269', 'remote_path': '', 'marked_for_delete': False, 'overridden': False, '_protection': 'NOT_PROTECTED'}, {'conjunction_operator': 'AND', 'resource_type': 'ConjunctionOperator', 'id': 'f382c6df-3a70-4fa4-aa90-22cfd15b29ae', 'path': '/infra/domains/default/groups/5278a24e-2401-43bc-a821-5fe7bdacf269/conjunction-expressions/f382c6df-3a70-4fa4-aa90-22cfd15b29ae', 'relative_path': 'f382c6df-3a70-4fa4-aa90-22cfd15b29ae', 'parent_path': '/infra/domains/default/groups/5278a24e-2401-43bc-a821-5fe7bdacf269', 'remote_path': '', 'marked_for_delete': False, 'overridden': False, '_protection': 'NOT_PROTECTED'}, {'member_type': 'VirtualMachine', 'key': 'Tag', 'operator': 'EQUALS', 'scope_operator': 'EQUALS', 'value': 'tier|web', 'resource_type': 'Condition', 'id': 'a9d3c6e2-136e-44d3-a5ae-bed37e3d233c', 'path': '/infra/domains/default/groups/5278a24e-2401-43bc-a821-5fe7bdacf269/condition-expressions/a9d3c6e2-136e-44d3-a5ae-bed37e3d233c', 'relative_path': 'a9d3c6e2-136e-44d3-a5ae-bed37e3d233c', 'parent_path': '/infra/domains/default/groups/5278a24e-2401-43bc-a821-5fe7bdacf269', 'remote_path': '', 'marked_for_delete': False, 'overridden': False, '_protection': 'NOT_PROTECTED'}], 'resource_type': 'NestedExpression', 'id': 'b20ac8ea-f937-476f-9929-449bebf93abc', 'path': '/infra/domains/default/groups/5278a24e-2401-43bc-a821-5fe7bdacf269/nested-expressions/b20ac8ea-f937-476f-9929-449bebf93abc', 'relative_path': 'b20ac8ea-f937-476f-9929-449bebf93abc', 'parent_path': '/infra/domains/default/groups/5278a24e-2401-43bc-a821-5fe7bdacf269', 'remote_path': '', 'marked_for_delete': False, 'overridden': False, '_protection': 'NOT_PROTECTED'}]",No Tags
DFW-3-Tier-App-Prd-App-LB,Security Group covering Prod App LB 3-Tier-App,"[{'ip_addresses': ['40.40.40.200'], 'resource_type': 'IPAddressExpression', 'id': 'f5b6c470-2937-451b-9ca7-566e345d8f24', 'path': '/infra/domains/default/groups/1be8526d-86b8-4e0a-a45a-8a7fe3cc060e/ip-address-expressions/f5b6c470-2937-451b-9ca7-566e345d8f24', 'relative_path': 'f5b6c470-2937-451b-9ca7-566e345d8f24', 'parent_path': '/infra/domains/default/groups/1be8526d-86b8-4e0a-a45a-8a7fe3cc060e', 'remote_path': '', 'marked_for_delete': False, 'overridden': False, '_protection': 'NOT_PROTECTED'}]",No Tags
DFW-3-Tier-App-Prd-App-SNAT,Security Group covering Prod App SNAT 3-Tier-App,"[{'ip_addresses': ['100.64.184.1'], 'resource_type': 'IPAddressExpression', 'id': '13db5f6a-c94e-430e-b3b6-3fe90c42dd67', 'path': '/infra/domains/default/groups/639a0c22-af79-4696-8abc-05bc1dade0b3/ip-address-expressions/13db5f6a-c94e-430e-b3b6-3fe90c42dd67', 'relative_path': '13db5f6a-c94e-430e-b3b6-3fe90c42dd67', 'parent_path': '/infra/domains/default/groups/639a0c22-af79-4696-8abc-05bc1dade0b3', 'remote_path': '', 'marked_for_delete': False, 'overridden': False, '_protection': 'NOT_PROTECTED'}]",No Tags
MYGROUP33,N/A,"[{'ip_addresses': ['3.3.3.3/24', '1.1.1.1/32', '2.2.2.2/32'], 'resource_type': 'IPAddressExpression', 'id': 'a5cca8e9-3b3a-4ca2-9458-d73134744b84', 'path': '/infra/domains/default/groups/MYGROUP33/ip-address-expressions/a5cca8e9-3b3a-4ca2-9458-d73134744b84', 'relative_path': 'a5cca8e9-3b3a-4ca2-9458-d73134744b84', 'parent_path': '/infra/domains/default/groups/MYGROUP33', 'remote_path': '', 'marked_for_delete': False, 'overridden': False, '_protection': 'NOT_PROTECTED'}]",No Tags
ANZ-VDI-GRP,N/A,"[{'member_type': 'VirtualMachine', 'key': 'Tag', 'operator': 'EQUALS', 'scope_operator': 'EQUALS', 'value': '|ANZ-VDI', 'resource_type': 'Condition', 'id': '9b3dcf9c-9750-469b-b834-0fef2b7882be', 'path': '/infra/domains/default/groups/ANZ-VDI-GRP/condition-expressions/9b3dcf9c-9750-469b-b834-0fef2b7882be', 'relative_path': '9b3dcf9c-9750-469b-b834-0fef2b7882be', 'parent_path': '/infra/domains/default/groups/ANZ-VDI-GRP', 'remote_path': '', 'marked_for_delete': False, 'overridden': False, '_protection': 'NOT_PROTECTED'}]",No Tags
ANZ-VDI-Contractors,N/A,[],No Tags
ANZ-VDI-Employees,N/A,[],No Tags
ANZ-VDI-XYZ,N/A,[],No Tags
DefaultMaliciousIpGroup,Default Malicious IP group,"[{'member_type': 'IPAddress', 'key': 'ALL', 'operator': 'EQUALS', 'value': 'MALICIOUS_IP', 'resource_type': 'Condition', 'id': '26c4894b-f944-4d1b-a434-7eb409e58f12', 'path': '/infra/domains/default/groups/9be75a65-f7ae-441f-8e97-1ee94103b74a/condition-expressions/26c4894b-f944-4d1b-a434-7eb409e58f12', 'relative_path': '26c4894b-f944-4d1b-a434-7eb409e58f12', 'parent_path': '/infra/domains/default/groups/9be75a65-f7ae-441f-8e97-1ee94103b74a', 'remote_path': '', 'marked_for_delete': False, 'overridden': False, '_protection': 'NOT_PROTECTED'}]",No Tags
DFW-3-Tier-App-Prd-App-LB,Security Group covering Prod App LB 3-Tier-App,"[{'ip_addresses': ['40.40.40.200'], 'resource_type': 'IPAddressExpression', 'id': '8cccfc56-2070-4363-87f7-fb6be41af2b3', 'path': '/infra/domains/default/groups/f414615e-559d-495d-9d48-e81a05e40df0/ip-address-expressions/8cccfc56-2070-4363-87f7-fb6be41af2b3', 'relative_path': '8cccfc56-2070-4363-87f7-fb6be41af2b3', 'parent_path': '/infra/domains/default/groups/f414615e-559d-495d-9d48-e81a05e40df0', 'remote_path': '', 'marked_for_delete': False, 'overridden': False, '_protection': 'NOT_PROTECTED'}]",No Tags
DFW-3-Tier-App-Prd-DB,Security Group covering Prod DB 3-Tier-App VMs across all environments,"[{'expressions': [{'member_type': 'VirtualMachine', 'key': 'Tag', 'operator': 'EQUALS', 'scope_operator': 'EQUALS', 'value': 'app|3-tier-app', 'resource_type': 'Condition', 'id': '3917d86b-81e3-452e-8dd9-cb1aebd5d5bd', 'path': '/infra/domains/default/groups/ba7eceda-356f-491a-a4e9-68b0f72052a4/condition-expressions/3917d86b-81e3-452e-8dd9-cb1aebd5d5bd', 'relative_path': '3917d86b-81e3-452e-8dd9-cb1aebd5d5bd', 'parent_path': '/infra/domains/default/groups/ba7eceda-356f-491a-a4e9-68b0f72052a4', 'remote_path': '', 'marked_for_delete': False, 'overridden': False, '_protection': 'NOT_PROTECTED'}, {'conjunction_operator': 'AND', 'resource_type': 'ConjunctionOperator', 'id': 'fd15cf85-f8be-4e38-846f-8301e1b6bac4', 'path': '/infra/domains/default/groups/ba7eceda-356f-491a-a4e9-68b0f72052a4/conjunction-expressions/fd15cf85-f8be-4e38-846f-8301e1b6bac4', 'relative_path': 'fd15cf85-f8be-4e38-846f-8301e1b6bac4', 'parent_path': '/infra/domains/default/groups/ba7eceda-356f-491a-a4e9-68b0f72052a4', 'remote_path': '', 'marked_for_delete': False, 'overridden': False, '_protection': 'NOT_PROTECTED'}, {'member_type': 'VirtualMachine', 'key': 'Tag', 'operator': 'EQUALS', 'scope_operator': 'EQUALS', 'value': 'env|prd', 'resource_type': 'Condition', 'id': '0675dabc-7d60-4075-b715-b29e9f68f035', 'path': '/infra/domains/default/groups/ba7eceda-356f-491a-a4e9-68b0f72052a4/condition-expressions/0675dabc-7d60-4075-b715-b29e9f68f035', 'relative_path': '0675dabc-7d60-4075-b715-b29e9f68f035', 'parent_path': '/infra/domains/default/groups/ba7eceda-356f-491a-a4e9-68b0f72052a4', 'remote_path': '', 'marked_for_delete': False, 'overridden': False, '_protection': 'NOT_PROTECTED'}, {'conjunction_operator': 'AND', 'resource_type': 'ConjunctionOperator', 'id': '254ea36c-46f2-4e5c-976d-9d4c30769ccd', 'path': '/infra/domains/default/groups/ba7eceda-356f-491a-a4e9-68b0f72052a4/conjunction-expressions/254ea36c-46f2-4e5c-976d-9d4c30769ccd', 'relative_path': '254ea36c-46f2-4e5c-976d-9d4c30769ccd', 'parent_path': '/infra/domains/default/groups/ba7eceda-356f-491a-a4e9-68b0f72052a4', 'remote_path': '', 'marked_for_delete': False, 'overridden': False, '_protection': 'NOT_PROTECTED'}, {'member_type': 'VirtualMachine', 'key': 'Tag', 'operator': 'EQUALS', 'scope_operator': 'EQUALS', 'value': 'tier|db', 'resource_type': 'Condition', 'id': 'ea9e0558-4006-4a98-bba1-696b3d27c0ae', 'path': '/infra/domains/default/groups/ba7eceda-356f-491a-a4e9-68b0f72052a4/condition-expressions/ea9e0558-4006-4a98-bba1-696b3d27c0ae', 'relative_path': 'ea9e0558-4006-4a98-bba1-696b3d27c0ae', 'parent_path': '/infra/domains/default/groups/ba7eceda-356f-491a-a4e9-68b0f72052a4', 'remote_path': '', 'marked_for_delete': False, 'overridden': False, '_protection': 'NOT_PROTECTED'}], 'resource_type': 'NestedExpression', 'id': 'f92840f2-1ad8-4b1f-8921-375d18999e9a', 'path': '/infra/domains/default/groups/ba7eceda-356f-491a-a4e9-68b0f72052a4/nested-expressions/f92840f2-1ad8-4b1f-8921-375d18999e9a', 'relative_path': 'f92840f2-1ad8-4b1f-8921-375d18999e9a', 'parent_path': '/infra/domains/default/groups/ba7eceda-356f-491a-a4e9-68b0f72052a4', 'remote_path': '', 'marked_for_delete': False, 'overridden': False, '_protection': 'NOT_PROTECTED'}]",No Tags
DFW-3-Tier-App,Security Group covering 3-Tier-App VMs across all environments,"[{'member_type': 'VirtualMachine', 'key': 'Tag', 'operator': 'EQUALS', 'scope_operator': 'EQUALS', 'value': 'app|3-tier-app', 'resource_type': 'Condition', 'id': '808cf770-3a59-433c-af67-7c78182c7671', 'path': '/infra/domains/default/groups/7ff987ec-c47d-4fbb-ac1e-05edfcbb0342/condition-expressions/808cf770-3a59-433c-af67-7c78182c7671', 'relative_path': '808cf770-3a59-433c-af67-7c78182c7671', 'parent_path': '/infra/domains/default/groups/7ff987ec-c47d-4fbb-ac1e-05edfcbb0342', 'remote_path': '', 'marked_for_delete': False, 'overridden': False, '_protection': 'NOT_PROTECTED'}]",No Tags
DFW-3-Tier-App-Prd-App,Security Group covering Prod App 3-Tier-App VMs across all environments,"[{'expressions': [{'member_type': 'VirtualMachine', 'key': 'Tag', 'operator': 'EQUALS', 'scope_operator': 'EQUALS', 'value': 'app|3-tier-app', 'resource_type': 'Condition', 'id': '7b7de15d-fb19-4e2e-8597-633db38a6259', 'path': '/infra/domains/default/groups/d0c10cd2-cc24-4934-94e5-2145255fa8bc/condition-expressions/7b7de15d-fb19-4e2e-8597-633db38a6259', 'relative_path': '7b7de15d-fb19-4e2e-8597-633db38a6259', 'parent_path': '/infra/domains/default/groups/d0c10cd2-cc24-4934-94e5-2145255fa8bc', 'remote_path': '', 'marked_for_delete': False, 'overridden': False, '_protection': 'NOT_PROTECTED'}, {'conjunction_operator': 'AND', 'resource_type': 'ConjunctionOperator', 'id': '8d7ebb65-1237-4fd9-87b8-bdab3cefd620', 'path': '/infra/domains/default/groups/d0c10cd2-cc24-4934-94e5-2145255fa8bc/conjunction-expressions/8d7ebb65-1237-4fd9-87b8-bdab3cefd620', 'relative_path': '8d7ebb65-1237-4fd9-87b8-bdab3cefd620', 'parent_path': '/infra/domains/default/groups/d0c10cd2-cc24-4934-94e5-2145255fa8bc', 'remote_path': '', 'marked_for_delete': False, 'overridden': False, '_protection': 'NOT_PROTECTED'}, {'member_type': 'VirtualMachine', 'key': 'Tag', 'operator': 'EQUALS', 'scope_operator': 'EQUALS', 'value': 'env|prd', 'resource_type': 'Condition', 'id': '8d246adc-f0d3-4bf8-b731-8a04a31d4b1a', 'path': '/infra/domains/default/groups/d0c10cd2-cc24-4934-94e5-2145255fa8bc/condition-expressions/8d246adc-f0d3-4bf8-b731-8a04a31d4b1a', 'relative_path': '8d246adc-f0d3-4bf8-b731-8a04a31d4b1a', 'parent_path': '/infra/domains/default/groups/d0c10cd2-cc24-4934-94e5-2145255fa8bc', 'remote_path': '', 'marked_for_delete': False, 'overridden': False, '_protection': 'NOT_PROTECTED'}, {'conjunction_operator': 'AND', 'resource_type': 'ConjunctionOperator', 'id': 'a2d5f166-0a9d-4364-a722-7d1650062401', 'path': '/infra/domains/default/groups/d0c10cd2-cc24-4934-94e5-2145255fa8bc/conjunction-expressions/a2d5f166-0a9d-4364-a722-7d1650062401', 'relative_path': 'a2d5f166-0a9d-4364-a722-7d1650062401', 'parent_path': '/infra/domains/default/groups/d0c10cd2-cc24-4934-94e5-2145255fa8bc', 'remote_path': '', 'marked_for_delete': False, 'overridden': False, '_protection': 'NOT_PROTECTED'}, {'member_type': 'VirtualMachine', 'key': 'Tag', 'operator': 'EQUALS', 'scope_operator': 'EQUALS', 'value': 'tier|app', 'resource_type': 'Condition', 'id': '05625741-116e-47e9-b486-0f3acd25c7d6', 'path': '/infra/domains/default/groups/d0c10cd2-cc24-4934-94e5-2145255fa8bc/condition-expressions/05625741-116e-47e9-b486-0f3acd25c7d6', 'relative_path': '05625741-116e-47e9-b486-0f3acd25c7d6', 'parent_path': '/infra/domains/default/groups/d0c10cd2-cc24-4934-94e5-2145255fa8bc', 'remote_path': '', 'marked_for_delete': False, 'overridden': False, '_protection': 'NOT_PROTECTED'}], 'resource_type': 'NestedExpression', 'id': '85ca2ddd-8251-4d2b-9e81-5df29dd756f5', 'path': '/infra/domains/default/groups/d0c10cd2-cc24-4934-94e5-2145255fa8bc/nested-expressions/85ca2ddd-8251-4d2b-9e81-5df29dd756f5', 'relative_path': '85ca2ddd-8251-4d2b-9e81-5df29dd756f5', 'parent_path': '/infra/domains/default/groups/d0c10cd2-cc24-4934-94e5-2145255fa8bc', 'remote_path': '', 'marked_for_delete': False, 'overridden': False, '_protection': 'NOT_PROTECTED'}]",No Tags
DFW-3-Tier-App-Prd-Web,Security Group covering Prod Web 3-Tier-App VMs across all environments,"[{'expressions': [{'member_type': 'VirtualMachine', 'key': 'Tag', 'operator': 'EQUALS', 'scope_operator': 'EQUALS', 'value': 'app|3-tier-app', 'resource_type': 'Condition', 'id': '4a18b293-17a9-42b6-868d-9c6aefc61595', 'path': '/infra/domains/default/groups/e1eb5b0a-e339-4361-9fd1-b8e68e5a413d/condition-expressions/4a18b293-17a9-42b6-868d-9c6aefc61595', 'relative_path': '4a18b293-17a9-42b6-868d-9c6aefc61595', 'parent_path': '/infra/domains/default/groups/e1eb5b0a-e339-4361-9fd1-b8e68e5a413d', 'remote_path': '', 'marked_for_delete': False, 'overridden': False, '_protection': 'NOT_PROTECTED'}, {'conjunction_operator': 'AND', 'resource_type': 'ConjunctionOperator', 'id': 'a76d413d-cf29-4f79-940a-4af7ccd16a62', 'path': '/infra/domains/default/groups/e1eb5b0a-e339-4361-9fd1-b8e68e5a413d/conjunction-expressions/a76d413d-cf29-4f79-940a-4af7ccd16a62', 'relative_path': 'a76d413d-cf29-4f79-940a-4af7ccd16a62', 'parent_path': '/infra/domains/default/groups/e1eb5b0a-e339-4361-9fd1-b8e68e5a413d', 'remote_path': '', 'marked_for_delete': False, 'overridden': False, '_protection': 'NOT_PROTECTED'}, {'member_type': 'VirtualMachine', 'key': 'Tag', 'operator': 'EQUALS', 'scope_operator': 'EQUALS', 'value': 'env|prd', 'resource_type': 'Condition', 'id': '3852a14f-dd7d-4e34-b9f1-833c8a0fb1ee', 'path': '/infra/domains/default/groups/e1eb5b0a-e339-4361-9fd1-b8e68e5a413d/condition-expressions/3852a14f-dd7d-4e34-b9f1-833c8a0fb1ee', 'relative_path': '3852a14f-dd7d-4e34-b9f1-833c8a0fb1ee', 'parent_path': '/infra/domains/default/groups/e1eb5b0a-e339-4361-9fd1-b8e68e5a413d', 'remote_path': '', 'marked_for_delete': False, 'overridden': False, '_protection': 'NOT_PROTECTED'}, {'conjunction_operator': 'AND', 'resource_type': 'ConjunctionOperator', 'id': 'dacd92b3-6325-4e71-aeb2-47a9da81a515', 'path': '/infra/domains/default/groups/e1eb5b0a-e339-4361-9fd1-b8e68e5a413d/conjunction-expressions/dacd92b3-6325-4e71-aeb2-47a9da81a515', 'relative_path': 'dacd92b3-6325-4e71-aeb2-47a9da81a515', 'parent_path': '/infra/domains/default/groups/e1eb5b0a-e339-4361-9fd1-b8e68e5a413d', 'remote_path': '', 'marked_for_delete': False, 'overridden': False, '_protection': 'NOT_PROTECTED'}, {'member_type': 'VirtualMachine', 'key': 'Tag', 'operator': 'EQUALS', 'scope_operator': 'EQUALS', 'value': 'tier|web', 'resource_type': 'Condition', 'id': '4e4298c8-79ff-4a25-94e4-a4fe1e353d9b', 'path': '/infra/domains/default/groups/e1eb5b0a-e339-4361-9fd1-b8e68e5a413d/condition-expressions/4e4298c8-79ff-4a25-94e4-a4fe1e353d9b', 'relative_path': '4e4298c8-79ff-4a25-94e4-a4fe1e353d9b', 'parent_path': '/infra/domains/default/groups/e1eb5b0a-e339-4361-9fd1-b8e68e5a413d', 'remote_path': '', 'marked_for_delete': False, 'overridden': False, '_protection': 'NOT_PROTECTED'}], 'resource_type': 'NestedExpression', 'id': '0b501f79-8dea-43ec-8975-3ef6af02a5d2', 'path': '/infra/domains/default/groups/e1eb5b0a-e339-4361-9fd1-b8e68e5a413d/nested-expressions/0b501f79-8dea-43ec-8975-3ef6af02a5d2', 'relative_path': '0b501f79-8dea-43ec-8975-3ef6af02a5d2', 'parent_path': '/infra/domains/default/groups/e1eb5b0a-e339-4361-9fd1-b8e68e5a413d', 'remote_path': '', 'marked_for_delete': False, 'overridden': False, '_protection': 'NOT_PROTECTED'}]",No Tags
DFW-3-Tier-App-Prd-App-SNAT,Security Group covering Prod App SNAT 3-Tier-App,"[{'ip_addresses': ['100.64.184.1'], 'resource_type': 'IPAddressExpression', 'id': 'a7fff665-ecef-496b-bea4-948f3d6a6a47', 'path': '/infra/domains/default/groups/1cfa92c9-76c6-4bc2-a34d-bb928be79f02/ip-address-expressions/a7fff665-ecef-496b-bea4-948f3d6a6a47', 'relative_path': 'a7fff665-ecef-496b-bea4-948f3d6a6a47', 'parent_path': '/infra/domains/default/groups/1cfa92c9-76c6-4bc2-a34d-bb928be79f02', 'remote_path': '', 'marked_for_delete': False, 'overridden': False, '_protection': 'NOT_PROTECTED'}]",No Tags
DFW-3-Tier-App-Prd,Security Group covering Prod 3-Tier-App VMs across all environments,"[{'expressions': [{'member_type': 'VirtualMachine', 'key': 'Tag', 'operator': 'EQUALS', 'scope_operator': 'EQUALS', 'value': 'app|3-tier-app', 'resource_type': 'Condition', 'id': '281c9e2d-2774-4ee7-9e99-10e28e484b63', 'path': '/infra/domains/default/groups/d80cbc89-cf3d-44aa-94c6-bf2d037869c9/condition-expressions/281c9e2d-2774-4ee7-9e99-10e28e484b63', 'relative_path': '281c9e2d-2774-4ee7-9e99-10e28e484b63', 'parent_path': '/infra/domains/default/groups/d80cbc89-cf3d-44aa-94c6-bf2d037869c9', 'remote_path': '', 'marked_for_delete': False, 'overridden': False, '_protection': 'NOT_PROTECTED'}, {'conjunction_operator': 'AND', 'resource_type': 'ConjunctionOperator', 'id': '4387b5ea-4cf4-4dde-a9a1-efb507adb935', 'path': '/infra/domains/default/groups/d80cbc89-cf3d-44aa-94c6-bf2d037869c9/conjunction-expressions/4387b5ea-4cf4-4dde-a9a1-efb507adb935', 'relative_path': '4387b5ea-4cf4-4dde-a9a1-efb507adb935', 'parent_path': '/infra/domains/default/groups/d80cbc89-cf3d-44aa-94c6-bf2d037869c9', 'remote_path': '', 'marked_for_delete': False, 'overridden': False, '_protection': 'NOT_PROTECTED'}, {'member_type': 'VirtualMachine', 'key': 'Tag', 'operator': 'EQUALS', 'scope_operator': 'EQUALS', 'value': 'env|prd', 'resource_type': 'Condition', 'id': '9542eb9a-bf2d-43e6-bd84-43e4e49ce264', 'path': '/infra/domains/default/groups/d80cbc89-cf3d-44aa-94c6-bf2d037869c9/condition-expressions/9542eb9a-bf2d-43e6-bd84-43e4e49ce264', 'relative_path': '9542eb9a-bf2d-43e6-bd84-43e4e49ce264', 'parent_path': '/infra/domains/default/groups/d80cbc89-cf3d-44aa-94c6-bf2d037869c9', 'remote_path': '', 'marked_for_delete': False, 'overridden': False, '_protection': 'NOT_PROTECTED'}], 'resource_type': 'NestedExpression', 'id': 'eb61df2a-db28-421e-b8d5-2071c02e4d1a', 'path': '/infra/domains/default/groups/d80cbc89-cf3d-44aa-94c6-bf2d037869c9/nested-expressions/eb61df2a-db28-421e-b8d5-2071c02e4d1a', 'relative_path': 'eb61df2a-db28-421e-b8d5-2071c02e4d1a', 'parent_path': '/infra/domains/default/groups/d80cbc89-cf3d-44aa-94c6-bf2d037869c9', 'remote_path': '', 'marked_for_delete': False, 'overridden': False, '_protection': 'NOT_PROTECTED'}, {'conjunction_operator': 'OR', 'resource_type': 'ConjunctionOperator', 'id': '804b4979-7920-4e6b-8348-b5ef5cc93d33', 'path': '/infra/domains/default/groups/d80cbc89-cf3d-44aa-94c6-bf2d037869c9/conjunction-expressions/804b4979-7920-4e6b-8348-b5ef5cc93d33', 'relative_path': '804b4979-7920-4e6b-8348-b5ef5cc93d33', 'parent_path': '/infra/domains/default/groups/d80cbc89-cf3d-44aa-94c6-bf2d037869c9', 'remote_path': '', 'marked_for_delete': False, 'overridden': False, '_protection': 'NOT_PROTECTED'}, {'paths': ['/infra/domains/default/groups/f414615e-559d-495d-9d48-e81a05e40df0'], 'resource_type': 'PathExpression', 'id': '7f9184af-c2a3-4137-97a1-8ff1e08a399f', 'path': '/infra/domains/default/groups/d80cbc89-cf3d-44aa-94c6-bf2d037869c9/path-expressions/7f9184af-c2a3-4137-97a1-8ff1e08a399f', 'relative_path': '7f9184af-c2a3-4137-97a1-8ff1e08a399f', 'parent_path': '/infra/domains/default/groups/d80cbc89-cf3d-44aa-94c6-bf2d037869c9', 'remote_path': '', 'marked_for_delete': False, 'overridden': False, '_protection': 'NOT_PROTECTED'}, {'conjunction_operator': 'OR', 'resource_type': 'ConjunctionOperator', 'id': '5f0afdeb-32d5-450a-a62f-7f6ae3946663', 'path': '/infra/domains/default/groups/d80cbc89-cf3d-44aa-94c6-bf2d037869c9/conjunction-expressions/5f0afdeb-32d5-450a-a62f-7f6ae3946663', 'relative_path': '5f0afdeb-32d5-450a-a62f-7f6ae3946663', 'parent_path': '/infra/domains/default/groups/d80cbc89-cf3d-44aa-94c6-bf2d037869c9', 'remote_path': '', 'marked_for_delete': False, 'overridden': False, '_protection': 'NOT_PROTECTED'}, {'paths': ['/infra/domains/default/groups/1cfa92c9-76c6-4bc2-a34d-bb928be79f02'], 'resource_type': 'PathExpression', 'id': 'bbcb1ab7-edac-49b7-ae6a-759c1f46b8c1', 'path': '/infra/domains/default/groups/d80cbc89-cf3d-44aa-94c6-bf2d037869c9/path-expressions/bbcb1ab7-edac-49b7-ae6a-759c1f46b8c1', 'relative_path': 'bbcb1ab7-edac-49b7-ae6a-759c1f46b8c1', 'parent_path': '/infra/domains/default/groups/d80cbc89-cf3d-44aa-94c6-bf2d037869c9', 'remote_path': '', 'marked_for_delete': False, 'overridden': False, '_protection': 'NOT_PROTECTED'}]",No Tags
iperf-vm,N/A,"[{'member_type': 'VirtualMachine', 'key': 'Name', 'operator': 'EQUALS', 'value': 'iperfDHCPclient', 'resource_type': 'Condition', 'id': '52906176-d40b-4403-9e44-9b98f76be584', 'path': '/infra/domains/default/groups/iperf-vm/condition-expressions/52906176-d40b-4403-9e44-9b98f76be584', 'relative_path': '52906176-d40b-4403-9e44-9b98f76be584', 'parent_path': '/infra/domains/default/groups/iperf-vm', 'remote_path': '', 'marked_for_delete': False, 'overridden': False, '_protection': 'NOT_PROTECTED'}]",No Tags
NSXM,N/A,"[{'member_type': 'VirtualMachine', 'external_ids': ['503e7ce9-e500-f2ce-b879-afc695720321'], 'resource_type': 'ExternalIDExpression', 'id': '70db528b-ba46-4712-93a3-32ca8e1941a1', 'path': '/infra/domains/default/groups/NSXM/external-id-expressions/70db528b-ba46-4712-93a3-32ca8e1941a1', 'relative_path': '70db528b-ba46-4712-93a3-32ca8e1941a1', 'parent_path': '/infra/domains/default/groups/NSXM', 'remote_path': '', 'marked_for_delete': False, 'overridden': False, '_protection': 'NOT_PROTECTED'}]",No Tags
Domain Users,N/A,[],No Tags
Domain Admins,N/A,[],No Tags
VCN Users,N/A,[],No Tags
Jumphosts,N/A,"[{'member_type': 'VirtualMachine', 'key': 'Name', 'operator': 'CONTAINS', 'value': 'jumphost', 'resource_type': 'Condition', 'id': '10a01b32-f727-47d8-b38c-b9386df1ce96', 'path': '/infra/domains/default/groups/Jumphosts/condition-expressions/10a01b32-f727-47d8-b38c-b9386df1ce96', 'relative_path': '10a01b32-f727-47d8-b38c-b9386df1ce96', 'parent_path': '/infra/domains/default/groups/Jumphosts', 'remote_path': '', 'marked_for_delete': False, 'overridden': False, '_protection': 'NOT_PROTECTED'}]",No Tags
VCNBlock Users,N/A,[],No Tags
Attack-VM,N/A,"[{'member_type': 'VirtualMachine', 'key': 'Tag', 'operator': 'EQUALS', 'scope_operator': 'EQUALS', 'value': 'Attack-VM|Kali', 'resource_type': 'Condition', 'id': '9a4d908b-1346-46ab-aecf-d0402c14e0e9', 'path': '/infra/domains/default/groups/Attack-VM/condition-expressions/9a4d908b-1346-46ab-aecf-d0402c14e0e9', 'relative_path': '9a4d908b-1346-46ab-aecf-d0402c14e0e9', 'parent_path': '/infra/domains/default/groups/Attack-VM', 'remote_path': '', 'marked_for_delete': False, 'overridden': False, '_protection': 'NOT_PROTECTED'}, {'conjunction_operator': 'OR', 'resource_type': 'ConjunctionOperator', 'id': '1aa51c7a-b43f-4340-83c3-e24e0f6dccb0', 'path': '/infra/domains/default/groups/Attack-VM/conjunction-expressions/1aa51c7a-b43f-4340-83c3-e24e0f6dccb0', 'relative_path': '1aa51c7a-b43f-4340-83c3-e24e0f6dccb0', 'parent_path': '/infra/domains/default/groups/Attack-VM', 'remote_path': '', 'marked_for_delete': False, 'overridden': False, '_protection': 'NOT_PROTECTED'}, {'member_type': 'VirtualMachine', 'key': 'Tag', 'operator': 'EQUALS', 'scope_operator': 'EQUALS', 'value': '|Victim', 'resource_type': 'Condition', 'id': '7de58556-5103-4c73-915a-2da221f3f8c2', 'path': '/infra/domains/default/groups/Attack-VM/condition-expressions/7de58556-5103-4c73-915a-2da221f3f8c2', 'relative_path': '7de58556-5103-4c73-915a-2da221f3f8c2', 'parent_path': '/infra/domains/default/groups/Attack-VM', 'remote_path': '', 'marked_for_delete': False, 'overridden': False, '_protection': 'NOT_PROTECTED'}]",No Tags
ryan-hack-servers,N/A,"[{'member_type': 'VirtualMachine', 'key': 'Tag', 'operator': 'EQUALS', 'scope_operator': 'EQUALS', 'value': 'attack|use', 'resource_type': 'Condition', 'id': 'e96f03e4-5eab-4b5f-bda1-13700f7b497c', 'path': '/infra/domains/default/groups/ryan-hack-servers/condition-expressions/e96f03e4-5eab-4b5f-bda1-13700f7b497c', 'relative_path': 'e96f03e4-5eab-4b5f-bda1-13700f7b497c', 'parent_path': '/infra/domains/default/groups/ryan-hack-servers', 'remote_path': '', 'marked_for_delete': False, 'overridden': False, '_protection': 'NOT_PROTECTED'}, {'conjunction_operator': 'OR', 'resource_type': 'ConjunctionOperator', 'id': 'b303e399-4487-4858-b0c4-f2433606d7f3', 'path': '/infra/domains/default/groups/ryan-hack-servers/conjunction-expressions/b303e399-4487-4858-b0c4-f2433606d7f3', 'relative_path': 'b303e399-4487-4858-b0c4-f2433606d7f3', 'parent_path': '/infra/domains/default/groups/ryan-hack-servers', 'remote_path': '', 'marked_for_delete': False, 'overridden': False, '_protection': 'NOT_PROTECTED'}, {'ip_addresses': ['32.32.32.32/32'], 'resource_type': 'IPAddressExpression', 'id': '59cc5aa7-8bc7-46a6-91b5-c78d5de1db79', 'path': '/infra/domains/default/groups/ryan-hack-servers/ip-address-expressions/59cc5aa7-8bc7-46a6-91b5-c78d5de1db79', 'relative_path': '59cc5aa7-8bc7-46a6-91b5-c78d5de1db79', 'parent_path': '/infra/domains/default/groups/ryan-hack-servers', 'remote_path': '', 'marked_for_delete': False, 'overridden': False, '_protection': 'NOT_PROTECTED'}]",No Tags
Linux Servers,N/A,"[{'member_type': 'VirtualMachine', 'key': 'Tag', 'operator': 'EQUALS', 'scope_operator': 'EQUALS', 'value': 'Apache|Linux Apache', 'resource_type': 'Condition', 'id': '809698ee-1547-40d5-87c0-7e30818efee8', 'path': '/infra/domains/default/groups/Linux_Servers/condition-expressions/809698ee-1547-40d5-87c0-7e30818efee8', 'relative_path': '809698ee-1547-40d5-87c0-7e30818efee8', 'parent_path': '/infra/domains/default/groups/Linux_Servers', 'remote_path': '', 'marked_for_delete': False, 'overridden': False, '_protection': 'NOT_PROTECTED'}]",No Tags
Legacy Windows group,N/A,"[{'member_type': 'VirtualMachine', 'key': 'Tag', 'operator': 'EQUALS', 'scope_operator': 'EQUALS', 'value': 'Windows|LegacyOS', 'resource_type': 'Condition', 'id': 'ae7fa4e3-2ffb-451e-8ba6-d225046e4413', 'path': '/infra/domains/default/groups/Legacy_Windows_group/condition-expressions/ae7fa4e3-2ffb-451e-8ba6-d225046e4413', 'relative_path': 'ae7fa4e3-2ffb-451e-8ba6-d225046e4413', 'parent_path': '/infra/domains/default/groups/Legacy_Windows_group', 'remote_path': '', 'marked_for_delete': False, 'overridden': False, '_protection': 'NOT_PROTECTED'}]",No Tags
SC Attack Group,N/A,"[{'member_type': 'VirtualMachine', 'external_ids': ['503e0326-0264-d22b-47ea-e29915e6485b', '503ed30f-fede-d2c1-f930-1c312a363656', '503e2862-e0aa-69f0-832b-0a527c7318a0'], 'resource_type': 'ExternalIDExpression', 'id': '550f666e-be8e-4e34-831e-8a27358dc836', 'path': '/infra/domains/default/groups/SC_Attack_Group/external-id-expressions/550f666e-be8e-4e34-831e-8a27358dc836', 'relative_path': '550f666e-be8e-4e34-831e-8a27358dc836', 'parent_path': '/infra/domains/default/groups/SC_Attack_Group', 'remote_path': '', 'marked_for_delete': False, 'overridden': False, '_protection': 'NOT_PROTECTED'}]",No Tags
ryan-hack-server-dup,N/A,"[{'member_type': 'VirtualMachine', 'key': 'Name', 'operator': 'EQUALS', 'value': 'ryan-Attack-VM', 'resource_type': 'Condition', 'id': 'e7b81506-5786-43fa-bedf-76103b44789f', 'path': '/infra/domains/default/groups/ryan-hack-server-dup/condition-expressions/e7b81506-5786-43fa-bedf-76103b44789f', 'relative_path': 'e7b81506-5786-43fa-bedf-76103b44789f', 'parent_path': '/infra/domains/default/groups/ryan-hack-server-dup', 'remote_path': '', 'marked_for_delete': False, 'overridden': False, '_protection': 'NOT_PROTECTED'}, {'conjunction_operator': 'OR', 'resource_type': 'ConjunctionOperator', 'id': 'ff9487c9-d56b-4bad-9927-e6caef272965', 'path': '/infra/domains/default/groups/ryan-hack-server-dup/conjunction-expressions/ff9487c9-d56b-4bad-9927-e6caef272965', 'relative_path': 'ff9487c9-d56b-4bad-9927-e6caef272965', 'parent_path': '/infra/domains/default/groups/ryan-hack-server-dup', 'remote_path': '', 'marked_for_delete': False, 'overridden': False, '_protection': 'NOT_PROTECTED'}, {'member_type': 'VirtualMachine', 'key': 'Name', 'operator': 'EQUALS', 'value': 'ryan-Victim-VM', 'resource_type': 'Condition', 'id': '5df204d5-8f60-4b15-b7fa-982735796783', 'path': '/infra/domains/default/groups/ryan-hack-server-dup/condition-expressions/5df204d5-8f60-4b15-b7fa-982735796783', 'relative_path': '5df204d5-8f60-4b15-b7fa-982735796783', 'parent_path': '/infra/domains/default/groups/ryan-hack-server-dup', 'remote_path': '', 'marked_for_delete': False, 'overridden': False, '_protection': 'NOT_PROTECTED'}, {'conjunction_operator': 'OR', 'resource_type': 'ConjunctionOperator', 'id': '666f13a6-7d10-4aa1-a0c6-cff91439479e', 'path': '/infra/domains/default/groups/ryan-hack-server-dup/conjunction-expressions/666f13a6-7d10-4aa1-a0c6-cff91439479e', 'relative_path': '666f13a6-7d10-4aa1-a0c6-cff91439479e', 'parent_path': '/infra/domains/default/groups/ryan-hack-server-dup', 'remote_path': '', 'marked_for_delete': False, 'overridden': False, '_protection': 'NOT_PROTECTED'}, {'ip_addresses': ['32.32.32.32/32'], 'resource_type': 'IPAddressExpression', 'id': 'e5db9cd1-6477-473a-8609-474adcbe5671', 'path': '/infra/domains/default/groups/ryan-hack-server-dup/ip-address-expressions/e5db9cd1-6477-473a-8609-474adcbe5671', 'relative_path': 'e5db9cd1-6477-473a-8609-474adcbe5671', 'parent_path': '/infra/domains/default/groups/ryan-hack-server-dup', 'remote_path': '', 'marked_for_delete': False, 'overridden': False, '_protection': 'NOT_PROTECTED'}]",No Tags
SDDC,N/A,[],No Tags
Avi-SE- test,N/A,"[{'member_type': 'VirtualMachine', 'key': 'Name', 'operator': 'CONTAINS', 'value': 'AVISET', 'resource_type': 'Condition', 'id': 'a4c9d3a6-7d24-4801-b469-cd9c03128f9e', 'path': '/infra/domains/default/groups/Avi-SE-_test/condition-expressions/a4c9d3a6-7d24-4801-b469-cd9c03128f9e', 'relative_path': 'a4c9d3a6-7d24-4801-b469-cd9c03128f9e', 'parent_path': '/infra/domains/default/groups/Avi-SE-_test', 'remote_path': '', 'marked_for_delete': False, 'overridden': False, '_protection': 'NOT_PROTECTED'}]",No Tags
Kali,N/A,"[{'member_type': 'VirtualMachine', 'external_ids': ['503e0c93-840c-1a9e-f6b3-57a78210a55b'], 'resource_type': 'ExternalIDExpression', 'id': 'ba08f4c6-a651-4648-80f4-d5ef02a67ca6', 'path': '/infra/domains/default/groups/Kali/external-id-expressions/ba08f4c6-a651-4648-80f4-d5ef02a67ca6', 'relative_path': 'ba08f4c6-a651-4648-80f4-d5ef02a67ca6', 'parent_path': '/infra/domains/default/groups/Kali', 'remote_path': '', 'marked_for_delete': False, 'overridden': False, '_protection': 'NOT_PROTECTED'}]",No Tags
antrea-nsx-demo_non-antrea,N/A,"[{'expressions': [{'member_type': 'KubernetesNamespace', 'key': 'Tag', 'operator': 'EQUALS', 'scope_operator': 'EQUALS', 'value': 'dis:k8s:kubernetes.io/metadata.name|antrea-nsx-demo', 'resource_type': 'Condition', 'id': '9295aca9-78da-4558-8dbc-7322c958ffb1', 'path': '/infra/domains/default/groups/antrea-nsx-demo_non-antrea/condition-expressions/9295aca9-78da-4558-8dbc-7322c958ffb1', 'relative_path': '9295aca9-78da-4558-8dbc-7322c958ffb1', 'parent_path': '/infra/domains/default/groups/antrea-nsx-demo_non-antrea', 'remote_path': '', 'marked_for_delete': False, 'overridden': False, '_protection': 'NOT_PROTECTED'}, {'conjunction_operator': 'AND', 'resource_type': 'ConjunctionOperator', 'id': '1373b79e-02b4-4c18-be1f-59c4ba3cffd5', 'path': '/infra/domains/default/groups/antrea-nsx-demo_non-antrea/conjunction-expressions/1373b79e-02b4-4c18-be1f-59c4ba3cffd5', 'relative_path': '1373b79e-02b4-4c18-be1f-59c4ba3cffd5', 'parent_path': '/infra/domains/default/groups/antrea-nsx-demo_non-antrea', 'remote_path': '', 'marked_for_delete': False, 'overridden': False, '_protection': 'NOT_PROTECTED'}, {'member_type': 'KubernetesService', 'key': 'Tag', 'operator': 'EQUALS', 'scope_operator': 'EQUALS', 'value': 'dis:k8s:app|openshift-kube-apiserver', 'resource_type': 'Condition', 'id': '644cd659-8807-4006-b079-b19145a47413', 'path': '/infra/domains/default/groups/antrea-nsx-demo_non-antrea/condition-expressions/644cd659-8807-4006-b079-b19145a47413', 'relative_path': '644cd659-8807-4006-b079-b19145a47413', 'parent_path': '/infra/domains/default/groups/antrea-nsx-demo_non-antrea', 'remote_path': '', 'marked_for_delete': False, 'overridden': False, '_protection': 'NOT_PROTECTED'}], 'resource_type': 'NestedExpression', 'id': 'd7ef7959-f736-4385-bfd0-9f39e498abd5', 'path': '/infra/domains/default/groups/antrea-nsx-demo_non-antrea/nested-expressions/d7ef7959-f736-4385-bfd0-9f39e498abd5', 'relative_path': 'd7ef7959-f736-4385-bfd0-9f39e498abd5', 'parent_path': '/infra/domains/default/groups/antrea-nsx-demo_non-antrea', 'remote_path': '', 'marked_for_delete': False, 'overridden': False, '_protection': 'NOT_PROTECTED'}]",No Tags
nsxsec-lab-vm-web-servers,N/A,"[{'expressions': [{'member_type': 'VirtualMachine', 'key': 'Tag', 'operator': 'EQUALS', 'scope_operator': 'EQUALS', 'value': '|nsxsec-vm-lab01', 'resource_type': 'Condition', 'id': '719f6631-8479-4686-b46d-ab6eb8200caa', 'path': '/infra/domains/default/groups/nsxsec-lab-vm-web-servers/condition-expressions/719f6631-8479-4686-b46d-ab6eb8200caa', 'relative_path': '719f6631-8479-4686-b46d-ab6eb8200caa', 'parent_path': '/infra/domains/default/groups/nsxsec-lab-vm-web-servers', 'remote_path': '', 'marked_for_delete': False, 'overridden': False, '_protection': 'NOT_PROTECTED'}, {'conjunction_operator': 'AND', 'resource_type': 'ConjunctionOperator', 'id': '628fd4e7-e94e-4b35-be61-c58d8694e194', 'path': '/infra/domains/default/groups/nsxsec-lab-vm-web-servers/conjunction-expressions/628fd4e7-e94e-4b35-be61-c58d8694e194', 'relative_path': '628fd4e7-e94e-4b35-be61-c58d8694e194', 'parent_path': '/infra/domains/default/groups/nsxsec-lab-vm-web-servers', 'remote_path': '', 'marked_for_delete': False, 'overridden': False, '_protection': 'NOT_PROTECTED'}, {'member_type': 'VirtualMachine', 'key': 'Name', 'operator': 'ENDSWITH', 'value': 'web', 'resource_type': 'Condition', 'id': '6a4c4806-527d-46cf-ae7e-7279d28d2675', 'path': '/infra/domains/default/groups/nsxsec-lab-vm-web-servers/condition-expressions/6a4c4806-527d-46cf-ae7e-7279d28d2675', 'relative_path': '6a4c4806-527d-46cf-ae7e-7279d28d2675', 'parent_path': '/infra/domains/default/groups/nsxsec-lab-vm-web-servers', 'remote_path': '', 'marked_for_delete': False, 'overridden': False, '_protection': 'NOT_PROTECTED'}], 'resource_type': 'NestedExpression', 'id': 'a4dc499a-6eb3-49c1-b5f6-067b104c1c7f', 'path': '/infra/domains/default/groups/nsxsec-lab-vm-web-servers/nested-expressions/a4dc499a-6eb3-49c1-b5f6-067b104c1c7f', 'relative_path': 'a4dc499a-6eb3-49c1-b5f6-067b104c1c7f', 'parent_path': '/infra/domains/default/groups/nsxsec-lab-vm-web-servers', 'remote_path': '', 'marked_for_delete': False, 'overridden': False, '_protection': 'NOT_PROTECTED'}]",No Tags
nsxsec-lab-vm-db-servers,N/A,"[{'expressions': [{'member_type': 'VirtualMachine', 'key': 'Tag', 'operator': 'EQUALS', 'scope_operator': 'EQUALS', 'value': '|nsxsec-vm-lab01', 'resource_type': 'Condition', 'id': '1a3a5104-6af7-4516-ae9d-02489c46fa6c', 'path': '/infra/domains/default/groups/nsxsec-lab-vm-db-servers/condition-expressions/1a3a5104-6af7-4516-ae9d-02489c46fa6c', 'relative_path': '1a3a5104-6af7-4516-ae9d-02489c46fa6c', 'parent_path': '/infra/domains/default/groups/nsxsec-lab-vm-db-servers', 'remote_path': '', 'marked_for_delete': False, 'overridden': False, '_protection': 'NOT_PROTECTED'}, {'conjunction_operator': 'AND', 'resource_type': 'ConjunctionOperator', 'id': 'b3558793-a63b-4498-82d0-cef3c6f2e770', 'path': '/infra/domains/default/groups/nsxsec-lab-vm-db-servers/conjunction-expressions/b3558793-a63b-4498-82d0-cef3c6f2e770', 'relative_path': 'b3558793-a63b-4498-82d0-cef3c6f2e770', 'parent_path': '/infra/domains/default/groups/nsxsec-lab-vm-db-servers', 'remote_path': '', 'marked_for_delete': False, 'overridden': False, '_protection': 'NOT_PROTECTED'}, {'member_type': 'VirtualMachine', 'key': 'Name', 'operator': 'ENDSWITH', 'value': 'db', 'resource_type': 'Condition', 'id': 'f9952b73-f03a-4658-a6dd-42c1c25cd556', 'path': '/infra/domains/default/groups/nsxsec-lab-vm-db-servers/condition-expressions/f9952b73-f03a-4658-a6dd-42c1c25cd556', 'relative_path': 'f9952b73-f03a-4658-a6dd-42c1c25cd556', 'parent_path': '/infra/domains/default/groups/nsxsec-lab-vm-db-servers', 'remote_path': '', 'marked_for_delete': False, 'overridden': False, '_protection': 'NOT_PROTECTED'}], 'resource_type': 'NestedExpression', 'id': '408b44c7-3ca2-4113-ad73-883ec8305c7a', 'path': '/infra/domains/default/groups/nsxsec-lab-vm-db-servers/nested-expressions/408b44c7-3ca2-4113-ad73-883ec8305c7a', 'relative_path': '408b44c7-3ca2-4113-ad73-883ec8305c7a', 'parent_path': '/infra/domains/default/groups/nsxsec-lab-vm-db-servers', 'remote_path': '', 'marked_for_delete': False, 'overridden': False, '_protection': 'NOT_PROTECTED'}]",No Tags
nsxsec-lab-vm,N/A,"[{'member_type': 'VirtualMachine', 'key': 'Tag', 'operator': 'EQUALS', 'scope_operator': 'EQUALS', 'value': '|nsxsec-vm-lab01', 'resource_type': 'Condition', 'id': 'af170bf6-07fd-4f47-9bd3-5efec1e2d7aa', 'path': '/infra/domains/default/groups/nsxsec-vm-lab01/condition-expressions/af170bf6-07fd-4f47-9bd3-5efec1e2d7aa', 'relative_path': 'af170bf6-07fd-4f47-9bd3-5efec1e2d7aa', 'parent_path': '/infra/domains/default/groups/nsxsec-vm-lab01', 'remote_path': '', 'marked_for_delete': False, 'overridden': False, '_protection': 'NOT_PROTECTED'}]",No Tags
blah,N/A,"[{'ip_addresses': ['1.1.1.1'], 'resource_type': 'IPAddressExpression', 'id': 'e0a0a126-6bd8-43c7-b5a1-ebc872627b14', 'path': '/infra/domains/default/groups/blah/ip-address-expressions/e0a0a126-6bd8-43c7-b5a1-ebc872627b14', 'relative_path': 'e0a0a126-6bd8-43c7-b5a1-ebc872627b14', 'parent_path': '/infra/domains/default/groups/blah', 'remote_path': '', 'marked_for_delete': False, 'overridden': False, '_protection': 'NOT_PROTECTED'}]",No Tags
vRNI-Node_Group_Profile_RFJFSjJOSw==,N/A,"[{'paths': ['/infra/sites/default/enforcement-points/default/host-transport-nodes/f7ea885c-0e0f-4eb2-bb6d-cc1033019557', '/infra/sites/default/enforcement-points/default/host-transport-nodes/d590184c-15cf-49c4-ad53-36f69a8f387d', '/infra/sites/default/enforcement-points/default/host-transport-nodes/0d2ada34-929b-49ea-91ae-20fa193d75f5', '/infra/sites/default/enforcement-points/default/host-transport-nodes/8620b05d-d75f-4e09-b38a-bf470551262b', '/infra/sites/default/enforcement-points/default/host-transport-nodes/23760bf8-38c0-478c-8bcd-d5bb2b9c3d14', '/infra/sites/default/enforcement-points/default/host-transport-nodes/7a48bf58-f109-40dd-80d2-fad321917d7b'], 'resource_type': 'PathExpression', 'id': '46d2ecbd-8ccf-49ff-876e-7eaa272b5544', 'path': '/infra/domains/default/groups/908db3b1-e5cd-42d0-beeb-10dd4e1f0da2/path-expressions/46d2ecbd-8ccf-49ff-876e-7eaa272b5544', 'relative_path': '46d2ecbd-8ccf-49ff-876e-7eaa272b5544', 'parent_path': '/infra/domains/default/groups/908db3b1-e5cd-42d0-beeb-10dd4e1f0da2', 'remote_path': '', 'marked_for_delete': False, 'overridden': False, '_protection': 'NOT_PROTECTED'}]",No Tags
vRNI-Node_Group_Profile_RFJFSjJOSw==,N/A,"[{'paths': ['/infra/domains/default/groups/908db3b1-e5cd-42d0-beeb-10dd4e1f0da2'], 'resource_type': 'PathExpression', 'id': '3c3a448a-bc37-4af6-9434-6c5902b5db63', 'path': '/infra/domains/default/groups/15fc3f1c-026d-4810-b9f4-3f1bb516e8c1/path-expressions/3c3a448a-bc37-4af6-9434-6c5902b5db63', 'relative_path': '3c3a448a-bc37-4af6-9434-6c5902b5db63', 'parent_path': '/infra/domains/default/groups/15fc3f1c-026d-4810-b9f4-3f1bb516e8c1', 'remote_path': '', 'marked_for_delete': False, 'overridden': False, '_protection': 'NOT_PROTECTED'}]",No Tags
ipfix-dfw-group-6c652ae4-8c53-489c-af26-ebc01ac0c170,N/A,[],No Tags
ryn-superset-group,N/A,"[{'paths': ['/infra/domains/default/groups/Attack-VM', '/infra/domains/default/groups/andrew-nsx_sec-vApp'], 'resource_type': 'PathExpression', 'id': '06a2659f-a405-46c4-ac93-017e3a1a71af', 'path': '/infra/domains/default/groups/ryn-superset-group/path-expressions/06a2659f-a405-46c4-ac93-017e3a1a71af', 'relative_path': '06a2659f-a405-46c4-ac93-017e3a1a71af', 'parent_path': '/infra/domains/default/groups/ryn-superset-group', 'remote_path': '', 'marked_for_delete': False, 'overridden': False, '_protection': 'NOT_PROTECTED'}]",No Tags
k8s-tag-test,N/A,"[{'member_type': 'VirtualMachine', 'key': 'Tag', 'operator': 'EQUALS', 'scope_operator': 'EQUALS', 'value': 'dis:k8s:kubernetes.io/name|CoreDNS', 'resource_type': 'Condition', 'id': '117dea81-0c52-4a19-a35d-ac13a3e29ccd', 'path': '/infra/domains/default/groups/metallb-tag-test/condition-expressions/117dea81-0c52-4a19-a35d-ac13a3e29ccd', 'relative_path': '117dea81-0c52-4a19-a35d-ac13a3e29ccd', 'parent_path': '/infra/domains/default/groups/metallb-tag-test', 'remote_path': '', 'marked_for_delete': False, 'overridden': False, '_protection': 'NOT_PROTECTED'}, {'conjunction_operator': 'OR', 'resource_type': 'ConjunctionOperator', 'id': '4d050afb-0dd6-4230-a15f-21a14f106def', 'path': '/infra/domains/default/groups/metallb-tag-test/conjunction-expressions/4d050afb-0dd6-4230-a15f-21a14f106def', 'relative_path': '4d050afb-0dd6-4230-a15f-21a14f106def', 'parent_path': '/infra/domains/default/groups/metallb-tag-test', 'remote_path': '', 'marked_for_delete': False, 'overridden': False, '_protection': 'NOT_PROTECTED'}, {'member_type': 'KubernetesService', 'key': 'Tag', 'operator': 'EQUALS', 'scope_operator': 'EQUALS', 'value': 'dis:k8s:kubernetes.io/name|CoreDNS', 'resource_type': 'Condition', 'id': 'feb3393f-21c7-4fe8-89d1-f8357aa5cce3', 'path': '/infra/domains/default/groups/metallb-tag-test/condition-expressions/feb3393f-21c7-4fe8-89d1-f8357aa5cce3', 'relative_path': 'feb3393f-21c7-4fe8-89d1-f8357aa5cce3', 'parent_path': '/infra/domains/default/groups/metallb-tag-test', 'remote_path': '', 'marked_for_delete': False, 'overridden': False, '_protection': 'NOT_PROTECTED'}]",No Tags
k8s-tag-metallb,N/A,"[{'member_type': 'Pod', 'key': 'Tag', 'operator': 'EQUALS', 'scope_operator': 'EQUALS', 'value': 'dis:k8s:app|metallb', 'resource_type': 'Condition', 'id': '5ca82b61-6517-41e5-a09e-802c5252d1bd', 'path': '/infra/domains/default/groups/k8s-tag-metallb/condition-expressions/5ca82b61-6517-41e5-a09e-802c5252d1bd', 'relative_path': '5ca82b61-6517-41e5-a09e-802c5252d1bd', 'parent_path': '/infra/domains/default/groups/k8s-tag-metallb', 'remote_path': '', 'marked_for_delete': False, 'overridden': False, '_protection': 'NOT_PROTECTED'}]",No Tags
k8s-sec adservice,N/A,"[{'expressions': [{'member_type': 'KubernetesCluster', 'key': 'Name', 'operator': 'EQUALS', 'value': 'k8s-sec-cluster-01', 'resource_type': 'Condition', 'id': 'e1be074a-c856-401a-98a0-8a516eefb612', 'path': '/infra/domains/default/groups/k8s-sec_adservice/condition-expressions/e1be074a-c856-401a-98a0-8a516eefb612', 'relative_path': 'e1be074a-c856-401a-98a0-8a516eefb612', 'parent_path': '/infra/domains/default/groups/k8s-sec_adservice', 'remote_path': '', 'marked_for_delete': False, 'overridden': False, '_protection': 'NOT_PROTECTED'}, {'conjunction_operator': 'AND', 'resource_type': 'ConjunctionOperator', 'id': 'ec62288f-3d02-46d0-8816-a07b6a8baec8', 'path': '/infra/domains/default/groups/k8s-sec_adservice/conjunction-expressions/ec62288f-3d02-46d0-8816-a07b6a8baec8', 'relative_path': 'ec62288f-3d02-46d0-8816-a07b6a8baec8', 'parent_path': '/infra/domains/default/groups/k8s-sec_adservice', 'remote_path': '', 'marked_for_delete': False, 'overridden': False, '_protection': 'NOT_PROTECTED'}, {'member_type': 'KubernetesService', 'key': 'Name', 'operator': 'EQUALS', 'value': 'frontend-external', 'resource_type': 'Condition', 'id': 'febdb9aa-2760-48f9-bc22-95764c1412f2', 'path': '/infra/domains/default/groups/k8s-sec_adservice/condition-expressions/febdb9aa-2760-48f9-bc22-95764c1412f2', 'relative_path': 'febdb9aa-2760-48f9-bc22-95764c1412f2', 'parent_path': '/infra/domains/default/groups/k8s-sec_adservice', 'remote_path': '', 'marked_for_delete': False, 'overridden': False, '_protection': 'NOT_PROTECTED'}], 'resource_type': 'NestedExpression', 'id': '3f4baa72-aecc-408b-9c9d-602f56307ad6', 'path': '/infra/domains/default/groups/k8s-sec_adservice/nested-expressions/3f4baa72-aecc-408b-9c9d-602f56307ad6', 'relative_path': '3f4baa72-aecc-408b-9c9d-602f56307ad6', 'parent_path': '/infra/domains/default/groups/k8s-sec_adservice', 'remote_path': '', 'marked_for_delete': False, 'overridden': False, '_protection': 'NOT_PROTECTED'}]",No Tags
hello-ingress,N/A,"[{'member_type': 'KubernetesIngress', 'key': 'Name', 'operator': 'EQUALS', 'value': 'hello-kubernetes-ingress', 'resource_type': 'Condition', 'id': 'ff6ba32b-2940-4843-a2f5-fbebcff50b3a', 'path': '/infra/domains/default/groups/hello-ingress/condition-expressions/ff6ba32b-2940-4843-a2f5-fbebcff50b3a', 'relative_path': 'ff6ba32b-2940-4843-a2f5-fbebcff50b3a', 'parent_path': '/infra/domains/default/groups/hello-ingress', 'remote_path': '', 'marked_for_delete': False, 'overridden': False, '_protection': 'NOT_PROTECTED'}]",No Tags
k8s-sec-vm-dev,N/A,"[{'member_type': 'VirtualMachine', 'key': 'Tag', 'operator': 'EQUALS', 'scope_operator': 'EQUALS', 'value': 'env|k8s-sec-dev', 'resource_type': 'Condition', 'id': '4bbdd6c8-7252-42dc-a902-768f77fcd079', 'path': '/infra/domains/default/groups/k8s-sec-vm-dev/condition-expressions/4bbdd6c8-7252-42dc-a902-768f77fcd079', 'relative_path': '4bbdd6c8-7252-42dc-a902-768f77fcd079', 'parent_path': '/infra/domains/default/groups/k8s-sec-vm-dev', 'remote_path': '', 'marked_for_delete': False, 'overridden': False, '_protection': 'NOT_PROTECTED'}]",No Tags
k8s-sec-vm-prd,N/A,"[{'member_type': 'VirtualMachine', 'key': 'Tag', 'operator': 'EQUALS', 'scope_operator': 'EQUALS', 'value': 'env|k8s-sec-prd', 'resource_type': 'Condition', 'id': 'a8c84fb1-8501-4037-8358-4a40db16aad9', 'path': '/infra/domains/default/groups/k8s-sec-vm-prd/condition-expressions/a8c84fb1-8501-4037-8358-4a40db16aad9', 'relative_path': 'a8c84fb1-8501-4037-8358-4a40db16aad9', 'parent_path': '/infra/domains/default/groups/k8s-sec-vm-prd', 'remote_path': '', 'marked_for_delete': False, 'overridden': False, '_protection': 'NOT_PROTECTED'}]",No Tags
k8s-sec-boutique-frontend,N/A,"[{'expressions': [{'member_type': 'Namespace', 'key': 'Tag', 'operator': 'EQUALS', 'scope_operator': 'EQUALS', 'value': 'dis:k8s:kubernetes.io/metadata.name|boutique', 'resource_type': 'Condition', 'id': '506ac663-9785-4d06-900b-ef679f35e8f2', 'path': '/infra/domains/default/groups/k8s-sec-boutique-pods/condition-expressions/506ac663-9785-4d06-900b-ef679f35e8f2', 'relative_path': '506ac663-9785-4d06-900b-ef679f35e8f2', 'parent_path': '/infra/domains/default/groups/k8s-sec-boutique-pods', 'remote_path': '', 'marked_for_delete': False, 'overridden': False, '_protection': 'NOT_PROTECTED'}, {'conjunction_operator': 'AND', 'resource_type': 'ConjunctionOperator', 'id': '8c9ba6e8-b8f7-49ee-9d8a-954df2a10220', 'path': '/infra/domains/default/groups/k8s-sec-boutique-pods/conjunction-expressions/8c9ba6e8-b8f7-49ee-9d8a-954df2a10220', 'relative_path': '8c9ba6e8-b8f7-49ee-9d8a-954df2a10220', 'parent_path': '/infra/domains/default/groups/k8s-sec-boutique-pods', 'remote_path': '', 'marked_for_delete': False, 'overridden': False, '_protection': 'NOT_PROTECTED'}, {'member_type': 'Pod', 'key': 'Tag', 'operator': 'EQUALS', 'scope_operator': 'EQUALS', 'value': 'dis:k8s:app|frontend', 'resource_type': 'Condition', 'id': '9f05411e-581e-4aaf-91bc-00d97255803c', 'path': '/infra/domains/default/groups/k8s-sec-boutique-pods/condition-expressions/9f05411e-581e-4aaf-91bc-00d97255803c', 'relative_path': '9f05411e-581e-4aaf-91bc-00d97255803c', 'parent_path': '/infra/domains/default/groups/k8s-sec-boutique-pods', 'remote_path': '', 'marked_for_delete': False, 'overridden': False, '_protection': 'NOT_PROTECTED'}], 'resource_type': 'NestedExpression', 'id': 'd4ce057c-4335-496d-8db6-9f908e5ccb9c', 'path': '/infra/domains/default/groups/k8s-sec-boutique-pods/nested-expressions/d4ce057c-4335-496d-8db6-9f908e5ccb9c', 'relative_path': 'd4ce057c-4335-496d-8db6-9f908e5ccb9c', 'parent_path': '/infra/domains/default/groups/k8s-sec-boutique-pods', 'remote_path': '', 'marked_for_delete': False, 'overridden': False, '_protection': 'NOT_PROTECTED'}]",No Tags
k8s-sec-boutique-cart,N/A,"[{'expressions': [{'member_type': 'Namespace', 'key': 'Tag', 'operator': 'EQUALS', 'scope_operator': 'EQUALS', 'value': 'dis:k8s:kubernetes.io/metadata.name|boutique', 'resource_type': 'Condition', 'id': 'fe26074b-6c7b-49ba-a8ec-84bb3e0325ac', 'path': '/infra/domains/default/groups/k8s-sec-boutique-all-pods/condition-expressions/fe26074b-6c7b-49ba-a8ec-84bb3e0325ac', 'relative_path': 'fe26074b-6c7b-49ba-a8ec-84bb3e0325ac', 'parent_path': '/infra/domains/default/groups/k8s-sec-boutique-all-pods', 'remote_path': '', 'marked_for_delete': False, 'overridden': False, '_protection': 'NOT_PROTECTED'}, {'conjunction_operator': 'AND', 'resource_type': 'ConjunctionOperator', 'id': '882b8c21-3486-4cd1-9f10-1cc8de2be484', 'path': '/infra/domains/default/groups/k8s-sec-boutique-all-pods/conjunction-expressions/882b8c21-3486-4cd1-9f10-1cc8de2be484', 'relative_path': '882b8c21-3486-4cd1-9f10-1cc8de2be484', 'parent_path': '/infra/domains/default/groups/k8s-sec-boutique-all-pods', 'remote_path': '', 'marked_for_delete': False, 'overridden': False, '_protection': 'NOT_PROTECTED'}, {'member_type': 'Pod', 'key': 'Tag', 'operator': 'EQUALS', 'scope_operator': 'EQUALS', 'value': 'dis:k8s:app|cartservice', 'resource_type': 'Condition', 'id': 'a73f13d9-9ec1-48d8-be0d-8f5c62f4db3d', 'path': '/infra/domains/default/groups/k8s-sec-boutique-all-pods/condition-expressions/a73f13d9-9ec1-48d8-be0d-8f5c62f4db3d', 'relative_path': 'a73f13d9-9ec1-48d8-be0d-8f5c62f4db3d', 'parent_path': '/infra/domains/default/groups/k8s-sec-boutique-all-pods', 'remote_path': '', 'marked_for_delete': False, 'overridden': False, '_protection': 'NOT_PROTECTED'}], 'resource_type': 'NestedExpression', 'id': '6c3a7822-25ab-47f1-955a-24757107dc92', 'path': '/infra/domains/default/groups/k8s-sec-boutique-all-pods/nested-expressions/6c3a7822-25ab-47f1-955a-24757107dc92', 'relative_path': '6c3a7822-25ab-47f1-955a-24757107dc92', 'parent_path': '/infra/domains/default/groups/k8s-sec-boutique-all-pods', 'remote_path': '', 'marked_for_delete': False, 'overridden': False, '_protection': 'NOT_PROTECTED'}]",No Tags
nsxcloud-ServiceEngineMgmtIPs,N/A,"[{'ip_addresses': ['172.16.51.179', '172.16.51.51', '172.16.51.50', '172.16.51.193'], 'resource_type': 'IPAddressExpression', 'id': 'f236ceb6-2bb9-48b9-bd85-5aeac0a3b5f8', 'path': '/infra/domains/default/groups/nsxcloud-cluster-c483a1f6-efff-4461-ab26-cfc450f5ae1a-ServiceEngineMgmtIPs/ip-address-expressions/f236ceb6-2bb9-48b9-bd85-5aeac0a3b5f8', 'relative_path': 'f236ceb6-2bb9-48b9-bd85-5aeac0a3b5f8', 'parent_path': '/infra/domains/default/groups/nsxcloud-cluster-c483a1f6-efff-4461-ab26-cfc450f5ae1a-ServiceEngineMgmtIPs', 'remote_path': '', 'marked_for_delete': False, 'overridden': False, '_protection': 'NOT_PROTECTED'}]","cloud-da489e41-9cf1-4d54-b65e-d9902ca81823: AVICLOUD_UUID, admin: AVITENANT_UUID, nsxcloud: AVIOBJECT_PREFIX, cluster-c483a1f6-efff-4461-ab26-cfc450f5ae1a: AVICLUSTER_UUID"
nsxcloud-ServiceEngines,N/A,"[{'member_type': 'VirtualMachine', 'external_ids': ['503e3887-5a83-41f1-c2dc-e90f5c25cb32', '503e5d0b-8233-4220-aaa8-7e2df052a3c2'], 'resource_type': 'ExternalIDExpression', 'id': '51ca30b6-925c-4aff-b078-342edab7ee81', 'path': '/infra/domains/default/groups/nsxcloud-cluster-c483a1f6-efff-4461-ab26-cfc450f5ae1a-ServiceEngines/external-id-expressions/51ca30b6-925c-4aff-b078-342edab7ee81', 'relative_path': '51ca30b6-925c-4aff-b078-342edab7ee81', 'parent_path': '/infra/domains/default/groups/nsxcloud-cluster-c483a1f6-efff-4461-ab26-cfc450f5ae1a-ServiceEngines', 'remote_path': '', 'marked_for_delete': False, 'overridden': False, '_protection': 'NOT_PROTECTED'}]","cluster-c483a1f6-efff-4461-ab26-cfc450f5ae1a: AVICLUSTER_UUID, cloud-da489e41-9cf1-4d54-b65e-d9902ca81823: AVICLOUD_UUID, admin: AVITENANT_UUID, nsxcloud: AVIOBJECT_PREFIX"
nsxcloud-ControllerCluster,N/A,"[{'ip_addresses': ['10.174.135.10', '10.174.135.6'], 'resource_type': 'IPAddressExpression', 'id': '8a5a901c-695c-444f-8094-0718ed9e354d', 'path': '/infra/domains/default/groups/nsxcloud-cluster-c483a1f6-efff-4461-ab26-cfc450f5ae1a-ControllerCluster/ip-address-expressions/8a5a901c-695c-444f-8094-0718ed9e354d', 'relative_path': '8a5a901c-695c-444f-8094-0718ed9e354d', 'parent_path': '/infra/domains/default/groups/nsxcloud-cluster-c483a1f6-efff-4461-ab26-cfc450f5ae1a-ControllerCluster', 'remote_path': '', 'marked_for_delete': False, 'overridden': False, '_protection': 'NOT_PROTECTED'}]","cloud-da489e41-9cf1-4d54-b65e-d9902ca81823: AVICLOUD_UUID, admin: AVITENANT_UUID, nsxcloud: AVIOBJECT_PREFIX, cluster-c483a1f6-efff-4461-ab26-cfc450f5ae1a: AVICLUSTER_UUID"
nsxcloud-Default-GroupSeGroupServiceEngines,N/A,"[{'member_type': 'VirtualMachine', 'external_ids': ['503e3887-5a83-41f1-c2dc-e90f5c25cb32', '503e5d0b-8233-4220-aaa8-7e2df052a3c2'], 'resource_type': 'ExternalIDExpression', 'id': 'ddd4f356-aa13-41d0-a659-6f9627a7df71', 'path': '/infra/domains/default/groups/nsxcloud-cluster-c483a1f6-efff-4461-ab26-cfc450f5ae1a-serviceenginegroup-7424fee2-996e-4c93-a7f0-e9e37bc7329eSeGroupServiceEngines/external-id-expressions/ddd4f356-aa13-41d0-a659-6f9627a7df71', 'relative_path': 'ddd4f356-aa13-41d0-a659-6f9627a7df71', 'parent_path': '/infra/domains/default/groups/nsxcloud-cluster-c483a1f6-efff-4461-ab26-cfc450f5ae1a-serviceenginegroup-7424fee2-996e-4c93-a7f0-e9e37bc7329eSeGroupServiceEngines', 'remote_path': '', 'marked_for_delete': False, 'overridden': False, '_protection': 'NOT_PROTECTED'}]","nsxcloud: AVIOBJECT_PREFIX, cluster-c483a1f6-efff-4461-ab26-cfc450f5ae1a: AVICLUSTER_UUID, cloud-da489e41-9cf1-4d54-b65e-d9902ca81823: AVICLOUD_UUID, admin: AVITENANT_UUID"
nsxcloud-vs-test,N/A,"[{'ip_addresses': ['38.38.38.51'], 'resource_type': 'IPAddressExpression', 'id': '06e52e28-01dd-4480-818f-45afa94cdb59', 'path': '/infra/domains/default/groups/nsxcloud-cluster-c483a1f6-efff-4461-ab26-cfc450f5ae1a-virtualservice-1e0131ef-5e21-4747-9c21-c885d6bda5b5/ip-address-expressions/06e52e28-01dd-4480-818f-45afa94cdb59', 'relative_path': '06e52e28-01dd-4480-818f-45afa94cdb59', 'parent_path': '/infra/domains/default/groups/nsxcloud-cluster-c483a1f6-efff-4461-ab26-cfc450f5ae1a-virtualservice-1e0131ef-5e21-4747-9c21-c885d6bda5b5', 'remote_path': '', 'marked_for_delete': False, 'overridden': False, '_protection': 'NOT_PROTECTED'}]","cluster-c483a1f6-efff-4461-ab26-cfc450f5ae1a: AVICLUSTER_UUID, cloud-da489e41-9cf1-4d54-b65e-d9902ca81823: AVICLOUD_UUID, admin: AVITENANT_UUID, nsxcloud: AVIOBJECT_PREFIX"
nsxcloud-vs-testVsServiceEngines,N/A,"[{'member_type': 'VirtualMachine', 'external_ids': ['503e5d0b-8233-4220-aaa8-7e2df052a3c2'], 'resource_type': 'ExternalIDExpression', 'id': '65a798da-1bfc-4d97-934d-7174ded76899', 'path': '/infra/domains/default/groups/nsxcloud-cluster-c483a1f6-efff-4461-ab26-cfc450f5ae1a-virtualservice-1e0131ef-5e21-4747-9c21-c885d6bda5b5VsServiceEngines/external-id-expressions/65a798da-1bfc-4d97-934d-7174ded76899', 'relative_path': '65a798da-1bfc-4d97-934d-7174ded76899', 'parent_path': '/infra/domains/default/groups/nsxcloud-cluster-c483a1f6-efff-4461-ab26-cfc450f5ae1a-virtualservice-1e0131ef-5e21-4747-9c21-c885d6bda5b5VsServiceEngines', 'remote_path': '', 'marked_for_delete': False, 'overridden': False, '_protection': 'NOT_PROTECTED'}]","cloud-da489e41-9cf1-4d54-b65e-d9902ca81823: AVICLOUD_UUID, admin: AVITENANT_UUID, nsxcloud: AVIOBJECT_PREFIX, cluster-c483a1f6-efff-4461-ab26-cfc450f5ae1a: AVICLUSTER_UUID"
vRNI-Node_Group_Profile_TN_4bc84437-4164-4c1a-add2-7f843e231ac8,N/A,"[{'paths': ['/infra/sites/default/enforcement-points/default/host-transport-nodes/d590184c-15cf-49c4-ad53-36f69a8f387d', '/infra/sites/default/enforcement-points/default/host-transport-nodes/f7ea885c-0e0f-4eb2-bb6d-cc1033019557', '/infra/sites/default/enforcement-points/default/host-transport-nodes/0d2ada34-929b-49ea-91ae-20fa193d75f5', '/infra/sites/default/enforcement-points/default/host-transport-nodes/8620b05d-d75f-4e09-b38a-bf470551262b', '/infra/sites/default/enforcement-points/default/host-transport-nodes/23760bf8-38c0-478c-8bcd-d5bb2b9c3d14', '/infra/sites/default/enforcement-points/default/host-transport-nodes/7a48bf58-f109-40dd-80d2-fad321917d7b'], 'resource_type': 'PathExpression', 'id': 'b9075630-6aeb-42e1-aaaf-0e377209817f', 'path': '/infra/domains/default/groups/vRNI-Node_Group_Profile_TN_4bc84437-4164-4c1a-add2-7f843e231ac8/path-expressions/b9075630-6aeb-42e1-aaaf-0e377209817f', 'relative_path': 'b9075630-6aeb-42e1-aaaf-0e377209817f', 'parent_path': '/infra/domains/default/groups/vRNI-Node_Group_Profile_TN_4bc84437-4164-4c1a-add2-7f843e231ac8', 'remote_path': '', 'marked_for_delete': False, 'overridden': False, '_protection': 'NOT_PROTECTED'}]",No Tags
vRNI-Node_Group_Profile_RFJFSjJOSw==,N/A,"[{'paths': ['/infra/domains/default/groups/vRNI-Node_Group_Profile_TN_4bc84437-4164-4c1a-add2-7f843e231ac8'], 'resource_type': 'PathExpression', 'id': 'e878e099-14ee-499b-9928-2ef835c41672', 'path': '/infra/domains/default/groups/vRNI-Node_Group_Profile_RFJFSjJOSw==/path-expressions/e878e099-14ee-499b-9928-2ef835c41672', 'relative_path': 'e878e099-14ee-499b-9928-2ef835c41672', 'parent_path': '/infra/domains/default/groups/vRNI-Node_Group_Profile_RFJFSjJOSw==', 'remote_path': '', 'marked_for_delete': False, 'overridden': False, '_protection': 'NOT_PROTECTED'}]",No Tags
nsxcloud-vs-test2,N/A,"[{'ip_addresses': ['38.38.38.51'], 'resource_type': 'IPAddressExpression', 'id': '85f275c3-4ac0-45d5-b2f5-b22fabd211d5', 'path': '/infra/domains/default/groups/nsxcloud-cluster-c483a1f6-efff-4461-ab26-cfc450f5ae1a-virtualservice-102914fd-df77-4dd4-9ced-59355de8c217/ip-address-expressions/85f275c3-4ac0-45d5-b2f5-b22fabd211d5', 'relative_path': '85f275c3-4ac0-45d5-b2f5-b22fabd211d5', 'parent_path': '/infra/domains/default/groups/nsxcloud-cluster-c483a1f6-efff-4461-ab26-cfc450f5ae1a-virtualservice-102914fd-df77-4dd4-9ced-59355de8c217', 'remote_path': '', 'marked_for_delete': False, 'overridden': False, '_protection': 'NOT_PROTECTED'}]","cluster-c483a1f6-efff-4461-ab26-cfc450f5ae1a: AVICLUSTER_UUID, cloud-da489e41-9cf1-4d54-b65e-d9902ca81823: AVICLOUD_UUID, admin: AVITENANT_UUID, nsxcloud: AVIOBJECT_PREFIX"
nsxcloud-vs-test2VsServiceEngines,N/A,"[{'member_type': 'VirtualMachine', 'external_ids': ['503e5d0b-8233-4220-aaa8-7e2df052a3c2'], 'resource_type': 'ExternalIDExpression', 'id': '18e50751-fe0e-4e8e-8c19-f99ca42de2e3', 'path': '/infra/domains/default/groups/nsxcloud-cluster-c483a1f6-efff-4461-ab26-cfc450f5ae1a-virtualservice-102914fd-df77-4dd4-9ced-59355de8c217VsServiceEngines/external-id-expressions/18e50751-fe0e-4e8e-8c19-f99ca42de2e3', 'relative_path': '18e50751-fe0e-4e8e-8c19-f99ca42de2e3', 'parent_path': '/infra/domains/default/groups/nsxcloud-cluster-c483a1f6-efff-4461-ab26-cfc450f5ae1a-virtualservice-102914fd-df77-4dd4-9ced-59355de8c217VsServiceEngines', 'remote_path': '', 'marked_for_delete': False, 'overridden': False, '_protection': 'NOT_PROTECTED'}]","admin: AVITENANT_UUID, nsxcloud: AVIOBJECT_PREFIX, cluster-c483a1f6-efff-4461-ab26-cfc450f5ae1a: AVICLUSTER_UUID, cloud-da489e41-9cf1-4d54-b65e-d9902ca81823: AVICLOUD_UUID"
mixedcriteriagroup,N/A,"[{'member_type': 'VirtualMachine', 'key': 'Tag', 'operator': 'EQUALS', 'scope_operator': 'EQUALS', 'value': 'Web|3TA', 'resource_type': 'Condition', 'id': '7a233b87-c635-46db-872e-d4caa142dbaa', 'path': '/infra/domains/default/groups/mixedcriteriagroup/condition-expressions/7a233b87-c635-46db-872e-d4caa142dbaa', 'relative_path': '7a233b87-c635-46db-872e-d4caa142dbaa', 'parent_path': '/infra/domains/default/groups/mixedcriteriagroup', 'remote_path': '', 'marked_for_delete': False, 'overridden': False, '_protection': 'NOT_PROTECTED'}, {'conjunction_operator': 'OR', 'resource_type': 'ConjunctionOperator', 'id': 'd50ffb1f-1194-493e-a030-d0a418740831', 'path': '/infra/domains/default/groups/mixedcriteriagroup/conjunction-expressions/d50ffb1f-1194-493e-a030-d0a418740831', 'relative_path': 'd50ffb1f-1194-493e-a030-d0a418740831', 'parent_path': '/infra/domains/default/groups/mixedcriteriagroup', 'remote_path': '', 'marked_for_delete': False, 'overridden': False, '_protection': 'NOT_PROTECTED'}, {'ip_addresses': ['1.1.1.1/32'], 'resource_type': 'IPAddressExpression', 'id': 'c93ec752-9229-4572-91c5-a8392763f6c0', 'path': '/infra/domains/default/groups/mixedcriteriagroup/ip-address-expressions/c93ec752-9229-4572-91c5-a8392763f6c0', 'relative_path': 'c93ec752-9229-4572-91c5-a8392763f6c0', 'parent_path': '/infra/domains/default/groups/mixedcriteriagroup', 'remote_path': '', 'marked_for_delete': False, 'overridden': False, '_protection': 'NOT_PROTECTED'}]",No Tags
ipbasedgroup2,N/A,"[{'ip_addresses': ['1.1.1.1/32', '2.2.2.2/32'], 'resource_type': 'IPAddressExpression', 'id': '75076e54-fda4-4d6c-9315-2408042ee7b4', 'path': '/infra/domains/default/groups/ipbasedgroup2/ip-address-expressions/75076e54-fda4-4d6c-9315-2408042ee7b4', 'relative_path': '75076e54-fda4-4d6c-9315-2408042ee7b4', 'parent_path': '/infra/domains/default/groups/ipbasedgroup2', 'remote_path': '', 'marked_for_delete': False, 'overridden': False, '_protection': 'NOT_PROTECTED'}]",No Tags
ocp01-antrea-nsx-demo,N/A,"[{'member_type': 'Namespace', 'key': 'Tag', 'operator': 'EQUALS', 'scope_operator': 'EQUALS', 'value': 'dis:k8s:antrea.io/metadata.name|ocp01-antrea-nsx-demo', 'resource_type': 'Condition', 'id': '2f6d91a8-1971-4a4c-b322-95ede11e897a', 'path': '/infra/domains/default/groups/ocp01-antrea-nsx-demo/condition-expressions/2f6d91a8-1971-4a4c-b322-95ede11e897a', 'relative_path': '2f6d91a8-1971-4a4c-b322-95ede11e897a', 'parent_path': '/infra/domains/default/groups/ocp01-antrea-nsx-demo', 'remote_path': '', 'marked_for_delete': False, 'overridden': False, '_protection': 'NOT_PROTECTED'}]",No Tags
Others_Internet-vRNI-Import-Tier,N/A,"[{'ip_addresses': ['192.169.0.0-198.17.255.255', '192.0.3.0-192.88.98.255', '129.0.0.0-169.253.255.255', '172.32.0.0-191.0.1.255', '1.0.0.0-9.255.255.255', '192.88.100.0-192.167.255.255', '11.0.0.0-126.255.255.255', '198.20.0.0-223.255.255.255'], 'resource_type': 'IPAddressExpression', 'id': 'eb15fee8-662d-4071-b500-aff6a1e775ac', 'path': '/infra/domains/default/groups/Others_Internet-vRNI-Import-Tier/ip-address-expressions/eb15fee8-662d-4071-b500-aff6a1e775ac', 'relative_path': 'eb15fee8-662d-4071-b500-aff6a1e775ac', 'parent_path': '/infra/domains/default/groups/Others_Internet-vRNI-Import-Tier', 'remote_path': '', 'marked_for_delete': False, 'overridden': False, '_protection': 'NOT_PROTECTED'}]",No Tags
Ping Test,N/A,"[{'member_type': 'VirtualMachine', 'key': 'Tag', 'operator': 'EQUALS', 'scope_operator': 'EQUALS', 'value': 'OS|Steve Windows', 'resource_type': 'Condition', 'id': 'f27838fb-23d7-40e4-bdee-59bbbf63f880', 'path': '/infra/domains/default/groups/Ping_Test/condition-expressions/f27838fb-23d7-40e4-bdee-59bbbf63f880', 'relative_path': 'f27838fb-23d7-40e4-bdee-59bbbf63f880', 'parent_path': '/infra/domains/default/groups/Ping_Test', 'remote_path': '', 'marked_for_delete': False, 'overridden': False, '_protection': 'NOT_PROTECTED'}, {'conjunction_operator': 'OR', 'resource_type': 'ConjunctionOperator', 'id': 'e7b6515f-2f88-4fb8-ab8c-9e6cafbe1e4d', 'path': '/infra/domains/default/groups/Ping_Test/conjunction-expressions/e7b6515f-2f88-4fb8-ab8c-9e6cafbe1e4d', 'relative_path': 'e7b6515f-2f88-4fb8-ab8c-9e6cafbe1e4d', 'parent_path': '/infra/domains/default/groups/Ping_Test', 'remote_path': '', 'marked_for_delete': False, 'overridden': False, '_protection': 'NOT_PROTECTED'}, {'member_type': 'VirtualMachine', 'key': 'Tag', 'operator': 'EQUALS', 'scope_operator': 'EQUALS', 'value': 'PRD|Shared_Services', 'resource_type': 'Condition', 'id': 'b1d71220-f1d3-4b92-b6de-3d537c51a2d3', 'path': '/infra/domains/default/groups/Ping_Test/condition-expressions/b1d71220-f1d3-4b92-b6de-3d537c51a2d3', 'relative_path': 'b1d71220-f1d3-4b92-b6de-3d537c51a2d3', 'parent_path': '/infra/domains/default/groups/Ping_Test', 'remote_path': '', 'marked_for_delete': False, 'overridden': False, '_protection': 'NOT_PROTECTED'}, {'conjunction_operator': 'OR', 'resource_type': 'ConjunctionOperator', 'id': '9bef6fe7-eb6c-429e-bba4-1a94b58d559f', 'path': '/infra/domains/default/groups/Ping_Test/conjunction-expressions/9bef6fe7-eb6c-429e-bba4-1a94b58d559f', 'relative_path': '9bef6fe7-eb6c-429e-bba4-1a94b58d559f', 'parent_path': '/infra/domains/default/groups/Ping_Test', 'remote_path': '', 'marked_for_delete': False, 'overridden': False, '_protection': 'NOT_PROTECTED'}, {'ip_addresses': ['1.1.1.1/32', '2.2.2.2/32'], 'resource_type': 'IPAddressExpression', 'id': '7eea02ed-0037-4004-91eb-28a9e9629895', 'path': '/infra/domains/default/groups/Ping_Test/ip-address-expressions/7eea02ed-0037-4004-91eb-28a9e9629895', 'relative_path': '7eea02ed-0037-4004-91eb-28a9e9629895', 'parent_path': '/infra/domains/default/groups/Ping_Test', 'remote_path': '', 'marked_for_delete': False, 'overridden': False, '_protection': 'NOT_PROTECTED'}]",No Tags